id,seq_no,trigger_start_datetime,trigger_end_datetime,currentdate,hour_slot,plant_id,dept_id,sub_department_id,machine_id,tool_id,shift,part_number,op_no,plan_strokes,first_strokes,last_strokes,batch_strokes,available_time,tea_time,lunch_time,break_time,run_time,load_unload_time,idle_time,spm_std,iot_start_time,iot_end_time,total_loss_time,multiple_loss_code,runn_spm,actual_spm,first_shift_stroke,last_shift_stroke,iot_wise_loss,all_loss,shift_wise_all_entry,created_at,updated_at,downtime,unclassifiedtime
1298,,25-01-2026 07:00,26-01-2026 06:59,25-01-2026 00:00,07:00 - 06:59,18,409,1,1,3,No Plan,0201ABM00260N/290N,5,236,0,11,11,7:44,,,,1:10,0:00,4:53,35,25-01-2026 07:00,25-01-2026 07:07,6:31,"[{""tool_id"":3,""loss_code"":38,""lossName"":""Shift Start"",""lossTime"":""00:59"",""loss_start_TriggerTime"":""2026-01-25 07:00:01.338"",""loss_end_TriggerTime"":""2026-01-25 07:00:58.387""},{""tool_id"":3,""loss_code"":37,""lossName"":""Machine Idle"",""lossTime"":""04:53"",""loss_start_TriggerTime"":""2026-01-25 07:01:05.016"",""loss_end_TriggerTime"":""2026-01-25 07:07:07.006""},{""tool_id"":3,""loss_code"":20,""lossName"":""Unclassified"",""lossTime"":""00:35"",""loss_start_TriggerTime"":""2026-01-25 07:07:08.141"",""loss_end_TriggerTime"":""2026-01-25 07:07:42.013""},{""tool_id"":3,""loss_code"":32,""lossName"":""Die Change + Coil Change\/Load"",""lossTime"":""00:04"",""loss_start_TriggerTime"":""2026-01-25 07:07:44.046"",""loss_end_TriggerTime"":""2026-01-25 07:07:46.024""}]",9.43,1.63,0,0,,,,25-01-2026 15:11,25-01-2026 15:11,0:04,1:39
1299,,25-01-2026 07:00,26-01-2026 06:59,25-01-2026 00:00,07:00 - 06:59,18,409,1,1,1,No Plan,0201ABM00230N/240N,5,3157,11,2507,2496,132:44:00,,,,72:18:00,0:00,1:13,35,25-01-2026 07:24,25-01-2026 09:37,59:21:00,"[{""tool_id"":1,""loss_code"":32,""lossName"":""Die Change + Coil Change\/Load"",""lossTime"":""05:28"",""loss_start_TriggerTime"":""2026-01-25 07:24:18.374"",""loss_end_TriggerTime"":""2026-01-25 09:37:03.017""},{""tool_id"":1,""loss_code"":35,""lossName"":""Coil Change\/Load"",""lossTime"":""15:40"",""loss_start_TriggerTime"":""2026-01-25 07:29:43.002"",""loss_end_TriggerTime"":""2026-01-25 07:45:28.027""},{""tool_id"":1,""loss_code"":37,""lossName"":""Machine Idle"",""lossTime"":""01:13"",""loss_start_TriggerTime"":""2026-01-25 08:09:45.859"",""loss_end_TriggerTime"":""2026-01-25 09:22:40.031""},{""tool_id"":1,""loss_code"":26,""lossName"":""Setup"",""lossTime"":""08:37"",""loss_start_TriggerTime"":""2026-01-25 08:09:51.518"",""loss_end_TriggerTime"":""2026-01-25 08:33:31.015""},{""tool_id"":1,""loss_code"":17,""lossName"":""Tea Break"",""lossTime"":""12:39"",""loss_start_TriggerTime"":""2026-01-25 08:34:14.007"",""loss_end_TriggerTime"":""2026-01-25 08:46:53.049""},{""tool_id"":1,""loss_code"":29,""lossName"":""Feeder Guide not working"",""lossTime"":""01:31"",""loss_start_TriggerTime"":""2026-01-25 09:07:11.120"",""loss_end_TriggerTime"":""2026-01-25 09:08:41.065""},{""tool_id"":1,""loss_code"":34,""lossName"":""Coil End"",""lossTime"":""14:13"",""loss_start_TriggerTime"":""2026-01-25 09:22:41.516"",""loss_end_TriggerTime"":""2026-01-25 09:37:00.003""}]",34.52,27.67,0,0,,,,25-01-2026 15:11,25-01-2026 15:11,58:07:00,0:00
1300,,25-01-2026 07:00,26-01-2026 06:59,25-01-2026 00:00,07:00 - 06:59,18,409,1,1,2,No Plan,0201ABM00070N/250N,5,6023,2507,7068,4561,258:25:00,,,,136:04:00,0:01,7:24,35,25-01-2026 09:52,25-01-2026 14:10,119:02:00,"[{""tool_id"":2,""loss_code"":32,""lossName"":""Die Change + Coil Change\/Load"",""lossTime"":""04:12"",""loss_start_TriggerTime"":""2026-01-25 09:52:15.012"",""loss_end_TriggerTime"":""2026-01-25 09:56:31.014""},{""tool_id"":2,""loss_code"":33,""lossName"":""Coil Setting"",""lossTime"":""12:30"",""loss_start_TriggerTime"":""2026-01-25 09:56:32.011"",""loss_end_TriggerTime"":""2026-01-25 12:48:55.027""},{""tool_id"":2,""loss_code"":37,""lossName"":""Machine Idle"",""lossTime"":""07:22"",""loss_start_TriggerTime"":""2026-01-25 10:04:00.342"",""loss_end_TriggerTime"":""2026-01-25 13:57:08.007""},{""tool_id"":2,""loss_code"":29,""lossName"":""Feeder Guide not working"",""lossTime"":""15:02"",""loss_start_TriggerTime"":""2026-01-25 10:05:26.089"",""loss_end_TriggerTime"":""2026-01-25 13:57:52.097""},{""tool_id"":2,""loss_code"":20,""lossName"":""Unclassified"",""lossTime"":""00:35"",""loss_start_TriggerTime"":""2026-01-25 10:11:40.059"",""loss_end_TriggerTime"":""2026-01-25 12:57:52.011""},{""tool_id"":2,""loss_code"":26,""lossName"":""Setup"",""lossTime"":""05:31"",""loss_start_TriggerTime"":""2026-01-25 10:50:51.007"",""loss_end_TriggerTime"":""2026-01-25 12:20:18.056""},{""tool_id"":2,""loss_code"":18,""lossName"":""Lunch"",""lossTime"":""38:42"",""loss_start_TriggerTime"":""2026-01-25 11:25:26.009"",""loss_end_TriggerTime"":""2026-01-25 12:04:36.074""},{""tool_id"":2,""loss_code"":34,""lossName"":""Coil End"",""lossTime"":""27:05"",""loss_start_TriggerTime"":""2026-01-25 12:14:50.008"",""loss_end_TriggerTime"":""2026-01-25 14:10:41.002""},{""tool_id"":2,""loss_code"":35,""lossName"":""Coil Change\/Load"",""lossTime"":""08:03"",""loss_start_TriggerTime"":""2026-01-25 12:35:28.019"",""loss_end_TriggerTime"":""2026-01-25 12:43:36.012""}]",33.52,26.5,0,0,,,,25-01-2026 15:11,25-01-2026 15:11,111:02:00,0:38
1301,,25-01-2026 07:00,26-01-2026 06:59,25-01-2026 00:00,07:00 - 06:59,18,409,1,1,7,No Plan,0201ABM01400N/1450N,10,847,7068,7652,584,29:00:00,,,,14:59,0:00,0:00,40,25-01-2026 14:41,25-01-2026 15:10,13:49,"[{""tool_id"":7,""loss_code"":32,""lossName"":""Die Change + Coil Change\/Load"",""lossTime"":""05:59"",""loss_start_TriggerTime"":""2026-01-25 14:41:44.021"",""loss_end_TriggerTime"":""2026-01-25 14:47:43.011""},{""tool_id"":7,""loss_code"":33,""lossName"":""Coil Setting"",""lossTime"":""07:50"",""loss_start_TriggerTime"":""2026-01-25 14:47:44.564"",""loss_end_TriggerTime"":""2026-01-25 14:55:37.019""}]",38.98,27.59,0,0,,,,25-01-2026 15:11,25-01-2026 15:11,13:48,0:00
1302,,25-01-2026 07:00,26-01-2026 06:59,25-01-2026 00:00,07:00 - 06:59,18,409,2,2,63,No Plan,0201ABM00240N,10,1249,0,1060,1060,167:19:00,,,,48:42:00,80:30:00,4:22,8,25-01-2026 07:31,25-01-2026 10:18,36:17:00,"[{""tool_id"":63,""loss_code"":37,""lossName"":""Machine Idle"",""lossTime"":""14:43"",""loss_start_TriggerTime"":""2026-01-25 07:31:37.104"",""loss_end_TriggerTime"":""2026-01-25 10:18:57.013""},{""tool_id"":63,""loss_code"":19,""lossName"":""Other"",""lossTime"":""04:58"",""loss_start_TriggerTime"":""2026-01-25 07:50:16.670"",""loss_end_TriggerTime"":""2026-01-25 10:07:13.007""},{""tool_id"":63,""loss_code"":9,""lossName"":""Machine Breakdown"",""lossTime"":""02:15"",""loss_start_TriggerTime"":""2026-01-25 07:50:48.018"",""loss_end_TriggerTime"":""2026-01-25 07:53:03.014""},{""tool_id"":63,""loss_code"":3,""lossName"":""No Raw Material"",""lossTime"":""03:06"",""loss_start_TriggerTime"":""2026-01-25 08:38:51.022"",""loss_end_TriggerTime"":""2026-01-25 08:41:56.012""},{""tool_id"":63,""loss_code"":17,""lossName"":""Tea Break"",""lossTime"":""11:15"",""loss_start_TriggerTime"":""2026-01-25 09:02:56.011"",""loss_end_TriggerTime"":""2026-01-25 09:14:15.004""}]",8.2,6.79,0,0,,,,25-01-2026 16:05,25-01-2026 16:05,32:00:00,0:00
1303,,25-01-2026 07:00,26-01-2026 06:59,25-01-2026 00:00,07:00 - 06:59,18,409,2,2,71,No Plan,0201ABM00290N,10,1092,1060,2058,998,178:21:00,,,,44:46:00,71:51:00,4:51,8,25-01-2026 10:50,25-01-2026 13:48,59:20:00,"[{""tool_id"":71,""loss_code"":16,""lossName"":""Die Change"",""lossTime"":""01:15"",""loss_start_TriggerTime"":""2026-01-25 10:50:35.013"",""loss_end_TriggerTime"":""2026-01-25 10:51:49.106""},{""tool_id"":71,""loss_code"":37,""lossName"":""Machine Idle"",""lossTime"":""04:48"",""loss_start_TriggerTime"":""2026-01-25 10:51:57.075"",""loss_end_TriggerTime"":""2026-01-25 13:48:51.006""},{""tool_id"":71,""loss_code"":18,""lossName"":""Lunch"",""lossTime"":""40:36"",""loss_start_TriggerTime"":""2026-01-25 11:24:33.016"",""loss_end_TriggerTime"":""2026-01-25 12:05:41.092""},{""tool_id"":71,""loss_code"":19,""lossName"":""Other"",""lossTime"":""05:52"",""loss_start_TriggerTime"":""2026-01-25 12:18:54.023"",""loss_end_TriggerTime"":""2026-01-25 13:48:31.021""},{""tool_id"":71,""loss_code"":3,""lossName"":""No Raw Material"",""lossTime"":""06:39"",""loss_start_TriggerTime"":""2026-01-25 13:02:21.025"",""loss_end_TriggerTime"":""2026-01-25 13:09:01.003""},{""tool_id"":71,""loss_code"":20,""lossName"":""Unclassified"",""lossTime"":""00:10"",""loss_start_TriggerTime"":""2026-01-25 13:21:45.003"",""loss_end_TriggerTime"":""2026-01-25 13:48:57.005""}]",8.56,7.31,0,0,,,,25-01-2026 16:05,25-01-2026 16:05,54:21:00,0:11
1304,,25-01-2026 07:00,26-01-2026 06:59,25-01-2026 00:00,07:00 - 06:59,18,409,2,2,118,No Plan,0201ABM03060N/3050N,20,760,2058,2736,678,90:23:00,,,,29:07:00,43:33:00,5:41,8.5,25-01-2026 14:34,25-01-2026 16:04,16:47,"[{""tool_id"":118,""loss_code"":16,""lossName"":""Die Change"",""lossTime"":""01:00"",""loss_start_TriggerTime"":""2026-01-25 14:34:15.043"",""loss_end_TriggerTime"":""2026-01-25 14:35:15.075""},{""tool_id"":118,""loss_code"":37,""lossName"":""Machine Idle"",""lossTime"":""05:29"",""loss_start_TriggerTime"":""2026-01-25 14:35:23.087"",""loss_end_TriggerTime"":""2026-01-25 16:03:51.003""},{""tool_id"":118,""loss_code"":20,""lossName"":""Unclassified"",""lossTime"":""03:00"",""loss_start_TriggerTime"":""2026-01-25 14:35:30.380"",""loss_end_TriggerTime"":""2026-01-25 15:31:31.012""},{""tool_id"":118,""loss_code"":19,""lossName"":""Other"",""lossTime"":""02:12"",""loss_start_TriggerTime"":""2026-01-25 15:15:56.442"",""loss_end_TriggerTime"":""2026-01-25 15:32:43.008""},{""tool_id"":118,""loss_code"":8,""lossName"":""Tooling Work"",""lossTime"":""05:06"",""loss_start_TriggerTime"":""2026-01-25 15:22:53.008"",""loss_end_TriggerTime"":""2026-01-25 15:28:11.089""}]",9.33,7.59,0,0,,,,25-01-2026 16:05,25-01-2026 16:05,8:17,3:01
1305,,25-01-2026 07:00,26-01-2026 06:59,25-01-2026 00:00,07:00 - 06:59,18,409,2,3,114,No Plan,0201ABM01230N/1260N,20,122,0,100,100,20:57,,,,4:13,9:25,1:13,8,25-01-2026 07:00,25-01-2026 07:20,6:56,"[{""tool_id"":114,""loss_code"":38,""lossName"":""Shift Start"",""lossTime"":""04:22"",""loss_start_TriggerTime"":""2026-01-25 07:00:01.338"",""loss_end_TriggerTime"":""2026-01-25 07:04:22.012""},{""tool_id"":114,""loss_code"":37,""lossName"":""Machine Idle"",""lossTime"":""01:17"",""loss_start_TriggerTime"":""2026-01-25 07:04:32.024"",""loss_end_TriggerTime"":""2026-01-25 07:19:42.010""},{""tool_id"":114,""loss_code"":13,""lossName"":""Scrap Removal \/ Die Cleaning"",""lossTime"":""01:17"",""loss_start_TriggerTime"":""2026-01-25 07:19:43.009"",""loss_end_TriggerTime"":""2026-01-25 07:20:59.070""}]",7.33,6.54,0,0,,,,25-01-2026 16:05,25-01-2026 16:05,1:18,4:23
1306,,25-01-2026 07:00,26-01-2026 06:59,25-01-2026 00:00,07:00 - 06:59,18,409,2,3,64,No Plan,0201ABM00240N,20,1170,100,1161,1061,159:20:00,,,,46:27:00,84:02:00,6:28,8,25-01-2026 07:42,25-01-2026 10:22,26:27:00,"[{""tool_id"":64,""loss_code"":16,""lossName"":""Die Change"",""lossTime"":""01:29"",""loss_start_TriggerTime"":""2026-01-25 07:42:41.092"",""loss_end_TriggerTime"":""2026-01-25 07:44:12.057""},{""tool_id"":64,""loss_code"":19,""lossName"":""Other"",""lossTime"":""05:03"",""loss_start_TriggerTime"":""2026-01-25 07:44:12.248"",""loss_end_TriggerTime"":""2026-01-25 08:20:35.012""},{""tool_id"":64,""loss_code"":6,""lossName"":""Quality Hold"",""lossTime"":""01:02"",""loss_start_TriggerTime"":""2026-01-25 07:46:34.005"",""loss_end_TriggerTime"":""2026-01-25 09:45:08.050""},{""tool_id"":64,""loss_code"":37,""lossName"":""Machine Idle"",""lossTime"":""06:44"",""loss_start_TriggerTime"":""2026-01-25 07:46:50.064"",""loss_end_TriggerTime"":""2026-01-25 10:21:40.081""},{""tool_id"":64,""loss_code"":17,""lossName"":""Tea Break"",""lossTime"":""11:35"",""loss_start_TriggerTime"":""2026-01-25 09:02:52.110"",""loss_end_TriggerTime"":""2026-01-25 09:14:30.004""},{""tool_id"":64,""loss_code"":14,""lossName"":""Development Part Trial"",""lossTime"":""00:01"",""loss_start_TriggerTime"":""2026-01-25 09:24:24.035"",""loss_end_TriggerTime"":""2026-01-25 09:24:24.035""},{""tool_id"":64,""loss_code"":20,""lossName"":""Unclassified"",""lossTime"":""00:33"",""loss_start_TriggerTime"":""2026-01-25 09:44:00.010"",""loss_end_TriggerTime"":""2026-01-25 10:22:02.005""}]",8.13,7.25,0,0,,,,25-01-2026 16:05,25-01-2026 16:05,19:09,0:32
1307,,25-01-2026 07:00,26-01-2026 06:59,25-01-2026 00:00,07:00 - 06:59,18,409,2,3,72,No Plan,0201ABM00290N,20,1090,1161,2157,996,188:05:00,,,,42:52:00,68:27:00,5:25,8,25-01-2026 10:43,25-01-2026 13:51,66:43:00,"[{""tool_id"":72,""loss_code"":16,""lossName"":""Die Change"",""lossTime"":""07:47"",""loss_start_TriggerTime"":""2026-01-25 10:43:52.871"",""loss_end_TriggerTime"":""2026-01-25 10:51:41.009""},{""tool_id"":72,""loss_code"":6,""lossName"":""Quality Hold"",""lossTime"":""00:01"",""loss_start_TriggerTime"":""2026-01-25 10:51:42.061"",""loss_end_TriggerTime"":""2026-01-25 10:51:42.061""},{""tool_id"":72,""loss_code"":11,""lossName"":""On-Line Material"",""lossTime"":""06:08"",""loss_start_TriggerTime"":""2026-01-25 10:51:43.002"",""loss_end_TriggerTime"":""2026-01-25 13:48:48.004""},{""tool_id"":72,""loss_code"":37,""lossName"":""Machine Idle"",""lossTime"":""05:17"",""loss_start_TriggerTime"":""2026-01-25 10:53:40.003"",""loss_end_TriggerTime"":""2026-01-25 13:49:12.012""},{""tool_id"":72,""loss_code"":19,""lossName"":""Other"",""lossTime"":""03:16"",""loss_start_TriggerTime"":""2026-01-25 10:56:04.770"",""loss_end_TriggerTime"":""2026-01-25 12:28:27.005""},{""tool_id"":72,""loss_code"":18,""lossName"":""Lunch"",""lossTime"":""41:23"",""loss_start_TriggerTime"":""2026-01-25 11:24:43.242"",""loss_end_TriggerTime"":""2026-01-25 12:07:00.206""},{""tool_id"":72,""loss_code"":20,""lossName"":""Unclassified"",""lossTime"":""00:13"",""loss_start_TriggerTime"":""2026-01-25 12:22:48.025"",""loss_end_TriggerTime"":""2026-01-25 12:27:32.057""},{""tool_id"":72,""loss_code"":13,""lossName"":""Scrap Removal \/ Die Cleaning"",""lossTime"":""02:38"",""loss_start_TriggerTime"":""2026-01-25 13:49:20.027"",""loss_end_TriggerTime"":""2026-01-25 13:51:58.022""}]",8.95,7.31,0,0,,,,25-01-2026 16:05,25-01-2026 16:05,61:14:00,0:14
22,,13-01-2026 07:00,14-01-2026 06:59,13-01-2026 00:00,07:00 - 06:59,18,409,4,64,500,1ST,0,1,3114,0,1979,1979,509:57:00,,,,50:47:00,176:26:00,87:46:00,8,13-01-2026 07:00,13-01-2026 15:29,278:48:00,"[{""tool_id"":500,""loss_code"":20,""lossName"":""Unclassified"",""lossTime"":""39:50""},{""tool_id"":500,""loss_code"":37,""lossName"":""Machine Idle"",""lossTime"":""87:46""},{""tool_id"":500,""loss_code"":16,""lossName"":""Die Change"",""lossTime"":""49:15""},{""tool_id"":500,""loss_code"":17,""lossName"":""Tea Break"",""lossTime"":""29:52""},{""tool_id"":500,""loss_code"":19,""lossName"":""Other"",""lossTime"":""26:57""},{""tool_id"":500,""loss_code"":18,""lossName"":""Lunch"",""lossTime"":""41:32""},{""tool_id"":500,""loss_code"":3,""lossName"":""No Raw Material"",""lossTime"":""03:36""}]",8.71,5.08,0,0,,,,13-01-2026 20:00,13-01-2026 20:00,,
23,,13-01-2026 07:00,14-01-2026 06:59,13-01-2026 00:00,07:00 - 06:59,18,409,4,65,500,1ST,0,1,3171,0,2090,2090,509:57:00,,,,53:38:00,167:55:00,103:40:00,8,13-01-2026 07:00,13-01-2026 15:29,284:56:00,"[{""tool_id"":500,""loss_code"":16,""lossName"":""Die Change"",""lossTime"":""42:01""},{""tool_id"":500,""loss_code"":37,""lossName"":""Machine Idle"",""lossTime"":""103:40""},{""tool_id"":500,""loss_code"":20,""lossName"":""Unclassified"",""lossTime"":""44:55""},{""tool_id"":500,""loss_code"":19,""lossName"":""Other"",""lossTime"":""22:50""},{""tool_id"":500,""loss_code"":17,""lossName"":""Tea Break"",""lossTime"":""28:48""},{""tool_id"":500,""loss_code"":18,""lossName"":""Lunch"",""lossTime"":""42:42""}]",9.43,5.27,0,0,,,,13-01-2026 20:00,13-01-2026 20:00,,
24,,13-01-2026 07:00,14-01-2026 06:59,13-01-2026 00:00,07:00 - 06:59,18,409,4,66,500,1ST,0,1,3223,0,2006,2006,509:57:00,,,,53:28:00,99:35:00,111:33:00,8,13-01-2026 07:00,13-01-2026 15:29,353:40:00,"[{""tool_id"":500,""loss_code"":20,""lossName"":""Unclassified"",""lossTime"":""119:02""},{""tool_id"":500,""loss_code"":37,""lossName"":""Machine Idle"",""lossTime"":""111:33""},{""tool_id"":500,""loss_code"":19,""lossName"":""Other"",""lossTime"":""15:57""},{""tool_id"":500,""loss_code"":17,""lossName"":""Tea Break"",""lossTime"":""27:23""},{""tool_id"":500,""loss_code"":16,""lossName"":""Die Change"",""lossTime"":""36:37""},{""tool_id"":500,""loss_code"":18,""lossName"":""Lunch"",""lossTime"":""43:08""}]",13.11,4.98,0,0,,,,13-01-2026 20:00,13-01-2026 20:00,,
25,,13-01-2026 07:00,14-01-2026 06:59,13-01-2026 00:00,07:00 - 06:59,18,409,4,67,500,1ST,0,1,3202,0,2482,2482,509:57:00,,,,65:54:00,184:50:00,65:48:00,8,13-01-2026 07:00,13-01-2026 15:29,256:01:00,"[{""tool_id"":500,""loss_code"":38,""lossName"":""Shift Start"",""lossTime"":""05:56""},{""tool_id"":500,""loss_code"":37,""lossName"":""Machine Idle"",""lossTime"":""65:48""},{""tool_id"":500,""loss_code"":20,""lossName"":""Unclassified"",""lossTime"":""69:45""},{""tool_id"":500,""loss_code"":17,""lossName"":""Tea Break"",""lossTime"":""31:23""},{""tool_id"":500,""loss_code"":18,""lossName"":""Lunch"",""lossTime"":""44:05""},{""tool_id"":500,""loss_code"":16,""lossName"":""Die Change"",""lossTime"":""28:21""},{""tool_id"":500,""loss_code"":3,""lossName"":""No Raw Material"",""lossTime"":""10:43""}]",9.9,6.2,0,0,,,,13-01-2026 20:00,13-01-2026 20:00,,
26,,13-01-2026 07:00,14-01-2026 06:59,13-01-2026 00:00,07:00 - 06:59,18,409,4,68,500,1ST,0,1,3082,0,2390,2390,509:57:00,,,,36:12:00,143:04:00,49:36:00,8,13-01-2026 07:00,13-01-2026 15:29,327:08:00,"[{""tool_id"":500,""loss_code"":38,""lossName"":""Shift Start"",""lossTime"":""05:07""},{""tool_id"":500,""loss_code"":37,""lossName"":""Machine Idle"",""lossTime"":""49:36""},{""tool_id"":500,""loss_code"":20,""lossName"":""Unclassified"",""lossTime"":""39:27""},{""tool_id"":500,""loss_code"":16,""lossName"":""Die Change"",""lossTime"":""40:38""},{""tool_id"":500,""loss_code"":17,""lossName"":""Tea Break"",""lossTime"":""34:37""},{""tool_id"":500,""loss_code"":19,""lossName"":""Other"",""lossTime"":""113:25""},{""tool_id"":500,""loss_code"":18,""lossName"":""Lunch"",""lossTime"":""44:18""}]",13.33,6.2,0,0,,,,13-01-2026 20:00,13-01-2026 20:00,,
27,,13-01-2026 07:00,14-01-2026 06:59,13-01-2026 00:00,07:00 - 06:59,18,409,4,69,500,1ST,0,1,3227,0,3309,3309,509:57:00,,,,84:19:00,166:36:00,45:55:00,8,13-01-2026 07:00,13-01-2026 15:29,256:04:00,"[{""tool_id"":500,""loss_code"":16,""lossName"":""Die Change"",""lossTime"":""87:23""},{""tool_id"":500,""loss_code"":37,""lossName"":""Machine Idle"",""lossTime"":""45:57""},{""tool_id"":500,""loss_code"":20,""lossName"":""Unclassified"",""lossTime"":""103:31""},{""tool_id"":500,""loss_code"":17,""lossName"":""Tea Break"",""lossTime"":""19:13""}]",13.19,8.2,0,0,,,,13-01-2026 20:00,13-01-2026 20:00,,
28,,13-01-2026 07:00,14-01-2026 06:59,13-01-2026 00:00,07:00 - 06:59,18,409,4,70,500,1ST,0,1,2548,0,1571,1571,509:57:00,,,,36:41:00,134:45:00,53:38:00,8,13-01-2026 07:00,13-01-2026 15:29,335:31:00,"[{""tool_id"":500,""loss_code"":38,""lossName"":""Shift Start"",""lossTime"":""18:07""},{""tool_id"":500,""loss_code"":37,""lossName"":""Machine Idle"",""lossTime"":""53:38""},{""tool_id"":500,""loss_code"":20,""lossName"":""Unclassified"",""lossTime"":""46:46""},{""tool_id"":500,""loss_code"":17,""lossName"":""Tea Break"",""lossTime"":""12:22""},{""tool_id"":500,""loss_code"":6,""lossName"":""Quality Hold"",""lossTime"":""43:43""},{""tool_id"":500,""loss_code"":16,""lossName"":""Die Change"",""lossTime"":""67:20""},{""tool_id"":500,""loss_code"":14,""lossName"":""Development Part Trial"",""lossTime"":""93:35""}]",9.16,4.93,0,0,,,,13-01-2026 20:00,13-01-2026 20:00,,
29,,13-01-2026 07:00,14-01-2026 06:59,13-01-2026 00:00,07:00 - 06:59,18,409,4,71,500,1ST,0,1,3137,0,2825,2825,509:57:00,,,,63:28:00,203:05:00,52:57:00,8,13-01-2026 07:00,13-01-2026 15:29,240:37:00,"[{""tool_id"":500,""loss_code"":38,""lossName"":""Shift Start"",""lossTime"":""06:32""},{""tool_id"":500,""loss_code"":37,""lossName"":""Machine Idle"",""lossTime"":""52:57""},{""tool_id"":500,""loss_code"":20,""lossName"":""Unclassified"",""lossTime"":""51:18""},{""tool_id"":500,""loss_code"":16,""lossName"":""Die Change"",""lossTime"":""40:13""},{""tool_id"":500,""loss_code"":17,""lossName"":""Tea Break"",""lossTime"":""28:25""},{""tool_id"":500,""loss_code"":5,""lossName"":""No Operator"",""lossTime"":""18:35""},{""tool_id"":500,""loss_code"":18,""lossName"":""Lunch"",""lossTime"":""42:37""}]",10.6,7.2,0,0,,,,13-01-2026 20:00,13-01-2026 20:00,,
30,,13-01-2026 07:00,14-01-2026 06:59,13-01-2026 00:00,07:00 - 06:59,18,409,4,72,500,1ST,0,1,3274,0,2101,2101,509:57:00,,,,53:49:00,167:45:00,120:47:00,8,13-01-2026 07:00,13-01-2026 15:29,285:26:00,"[{""tool_id"":500,""loss_code"":38,""lossName"":""Shift Start"",""lossTime"":""05:21""},{""tool_id"":500,""loss_code"":37,""lossName"":""Machine Idle"",""lossTime"":""120:47""},{""tool_id"":500,""loss_code"":20,""lossName"":""Unclassified"",""lossTime"":""55:12""},{""tool_id"":500,""loss_code"":11,""lossName"":""On-Line Material"",""lossTime"":""06:09""},{""tool_id"":500,""loss_code"":16,""lossName"":""Die Change"",""lossTime"":""24:19""},{""tool_id"":500,""loss_code"":17,""lossName"":""Tea Break"",""lossTime"":""29:16""},{""tool_id"":500,""loss_code"":18,""lossName"":""Lunch"",""lossTime"":""41:05""},{""tool_id"":500,""loss_code"":15,""lossName"":""Power Failure"",""lossTime"":""02:38""},{""tool_id"":500,""loss_code"":12,""lossName"":""Die Breakdown"",""lossTime"":""00:39""}]",9.48,5.13,0,0,,,,13-01-2026 20:00,13-01-2026 20:00,,
31,,13-01-2026 07:00,14-01-2026 06:59,13-01-2026 00:00,07:00 - 06:59,18,409,4,73,500,1ST,0,1,2894,0,2788,2788,509:57:00,,,,66:08:00,155:34:00,65:44:00,8,13-01-2026 07:00,13-01-2026 15:29,285:37:00,"[{""tool_id"":500,""loss_code"":38,""lossName"":""Shift Start"",""lossTime"":""07:09""},{""tool_id"":500,""loss_code"":37,""lossName"":""Machine Idle"",""lossTime"":""65:44""},{""tool_id"":500,""loss_code"":20,""lossName"":""Unclassified"",""lossTime"":""37:18""},{""tool_id"":500,""loss_code"":19,""lossName"":""Other"",""lossTime"":""29:16""},{""tool_id"":500,""loss_code"":17,""lossName"":""Tea Break"",""lossTime"":""33:00""},{""tool_id"":500,""loss_code"":16,""lossName"":""Die Change"",""lossTime"":""64:47""},{""tool_id"":500,""loss_code"":6,""lossName"":""Quality Hold"",""lossTime"":""04:17""},{""tool_id"":500,""loss_code"":18,""lossName"":""Lunch"",""lossTime"":""43:14""},{""tool_id"":500,""loss_code"":11,""lossName"":""On-Line Material"",""lossTime"":""00:52""}]",12.58,7.71,0,0,,,,13-01-2026 20:00,13-01-2026 20:00,,
32,,13-01-2026 07:00,14-01-2026 06:59,13-01-2026 00:00,07:00 - 06:59,18,409,4,74,500,1ST,0,1,3062,0,3689,3689,509:57:00,,,,91:04:00,123:46:00,67:10:00,8,13-01-2026 07:00,13-01-2026 15:29,292:22:00,"[{""tool_id"":500,""loss_code"":38,""lossName"":""Shift Start"",""lossTime"":""11:28""},{""tool_id"":500,""loss_code"":37,""lossName"":""Machine Idle"",""lossTime"":""67:10""},{""tool_id"":500,""loss_code"":20,""lossName"":""Unclassified"",""lossTime"":""90:39""},{""tool_id"":500,""loss_code"":19,""lossName"":""Other"",""lossTime"":""07:22""},{""tool_id"":500,""loss_code"":17,""lossName"":""Tea Break"",""lossTime"":""35:13""},{""tool_id"":500,""loss_code"":16,""lossName"":""Die Change"",""lossTime"":""38:13""},{""tool_id"":500,""loss_code"":18,""lossName"":""Lunch"",""lossTime"":""42:17""}]",17.17,9.64,0,0,,,,13-01-2026 20:00,13-01-2026 20:00,,
33,,13-01-2026 07:00,14-01-2026 06:59,13-01-2026 00:00,07:00 - 06:59,18,409,4,75,500,1ST,0,1,2654,0,4235,4235,509:57:00,,,,107:53:00,98:30:00,36:22:00,8,13-01-2026 07:00,13-01-2026 15:29,299:37:00,"[{""tool_id"":500,""loss_code"":38,""lossName"":""Shift Start"",""lossTime"":""75:44""},{""tool_id"":500,""loss_code"":37,""lossName"":""Machine Idle"",""lossTime"":""36:22""},{""tool_id"":500,""loss_code"":20,""lossName"":""Unclassified"",""lossTime"":""85:02""},{""tool_id"":500,""loss_code"":17,""lossName"":""Tea Break"",""lossTime"":""29:26""},{""tool_id"":500,""loss_code"":18,""lossName"":""Lunch"",""lossTime"":""45:19""},{""tool_id"":500,""loss_code"":16,""lossName"":""Die Change"",""lossTime"":""27:44""}]",20.52,12.77,0,0,,,,13-01-2026 20:00,13-01-2026 20:00,,
34,,13-01-2026 07:00,14-01-2026 06:59,13-01-2026 00:00,07:00 - 06:59,18,409,4,76,500,1ST,0,1,3243,0,7313,7313,509:57:00,,,,181:46:00,156:30:00,25:30:00,8,13-01-2026 07:00,13-01-2026 15:29,169:21:00,"[{""tool_id"":500,""loss_code"":38,""lossName"":""Shift Start"",""lossTime"":""34:33""},{""tool_id"":500,""loss_code"":37,""lossName"":""Machine Idle"",""lossTime"":""25:30""},{""tool_id"":500,""loss_code"":20,""lossName"":""Unclassified"",""lossTime"":""39:17""},{""tool_id"":500,""loss_code"":17,""lossName"":""Tea Break"",""lossTime"":""22:08""},{""tool_id"":500,""loss_code"":18,""lossName"":""Lunch"",""lossTime"":""47:53""}]",21.62,18.04,0,0,,,,13-01-2026 20:00,13-01-2026 20:00,,
35,,13-01-2026 07:00,14-01-2026 06:59,13-01-2026 00:00,07:00 - 06:59,18,409,4,77,500,1ST,0,1,3225,0,3849,3849,509:57:00,,,,71:07:00,187:41:00,57:30:00,8,13-01-2026 07:00,13-01-2026 15:29,248:18:00,"[{""tool_id"":500,""loss_code"":19,""lossName"":""Other"",""lossTime"":""39:02""},{""tool_id"":500,""loss_code"":16,""lossName"":""Die Change"",""lossTime"":""34:40""},{""tool_id"":500,""loss_code"":37,""lossName"":""Machine Idle"",""lossTime"":""57:30""},{""tool_id"":500,""loss_code"":20,""lossName"":""Unclassified"",""lossTime"":""44:56""},{""tool_id"":500,""loss_code"":17,""lossName"":""Tea Break"",""lossTime"":""27:46""},{""tool_id"":500,""loss_code"":18,""lossName"":""Lunch"",""lossTime"":""44:24""}]",14.87,9.55,0,0,,,,13-01-2026 20:00,13-01-2026 20:00,,
36,,13-01-2026 07:00,14-01-2026 06:59,13-01-2026 00:00,07:00 - 06:59,18,409,4,78,500,1ST,0,1,3456,0,4174,4174,509:57:00,,,,72:04:00,214:41:00,67:32:00,8,13-01-2026 07:00,13-01-2026 15:29,219:43:00,"[{""tool_id"":500,""loss_code"":38,""lossName"":""Shift Start"",""lossTime"":""06:03""},{""tool_id"":500,""loss_code"":37,""lossName"":""Machine Idle"",""lossTime"":""67:32""},{""tool_id"":500,""loss_code"":20,""lossName"":""Unclassified"",""lossTime"":""74:16""},{""tool_id"":500,""loss_code"":17,""lossName"":""Tea Break"",""lossTime"":""28:08""},{""tool_id"":500,""loss_code"":18,""lossName"":""Lunch"",""lossTime"":""43:44""}]",14.56,9.66,0,0,,,,13-01-2026 20:00,13-01-2026 20:00,,
37,,13-01-2026 07:00,14-01-2026 06:59,13-01-2026 00:00,07:00 - 06:59,18,409,4,79,500,1ST,0,1,3190,0,3086,3086,509:57:00,,,,65:44:00,185:36:00,53:09:00,8,13-01-2026 07:00,13-01-2026 15:29,256:13:00,"[{""tool_id"":500,""loss_code"":20,""lossName"":""Unclassified"",""lossTime"":""35:06""},{""tool_id"":500,""loss_code"":37,""lossName"":""Machine Idle"",""lossTime"":""53:09""},{""tool_id"":500,""loss_code"":17,""lossName"":""Tea Break"",""lossTime"":""31:59""},{""tool_id"":500,""loss_code"":19,""lossName"":""Other"",""lossTime"":""56:44""},{""tool_id"":500,""loss_code"":16,""lossName"":""Die Change"",""lossTime"":""35:13""},{""tool_id"":500,""loss_code"":18,""lossName"":""Lunch"",""lossTime"":""44:02""}]",12.28,7.74,0,0,,,,13-01-2026 20:00,13-01-2026 20:00,,
38,,13-01-2026 07:00,14-01-2026 06:59,13-01-2026 00:00,07:00 - 06:59,18,409,4,80,500,1ST,0,1,3319,0,4200,4200,509:57:00,,,,59:09:00,69:43:00,45:40:00,8,13-01-2026 07:00,13-01-2026 15:29,379:02:00,"[{""tool_id"":500,""loss_code"":10,""lossName"":""No Plan"",""lossTime"":""14:18""},{""tool_id"":500,""loss_code"":37,""lossName"":""Machine Idle"",""lossTime"":""45:40""},{""tool_id"":500,""loss_code"":20,""lossName"":""Unclassified"",""lossTime"":""159:16""},{""tool_id"":500,""loss_code"":19,""lossName"":""Other"",""lossTime"":""69:58""},{""tool_id"":500,""loss_code"":17,""lossName"":""Tea Break"",""lossTime"":""34:35""},{""tool_id"":500,""loss_code"":18,""lossName"":""Lunch"",""lossTime"":""46:11""},{""tool_id"":500,""loss_code"":9,""lossName"":""Machine Breakdown"",""lossTime"":""09:04""}]",32.59,10.12,0,0,,,,13-01-2026 20:00,13-01-2026 20:00,,
39,,13-01-2026 07:00,14-01-2026 06:59,13-01-2026 00:00,07:00 - 06:59,18,409,4,81,500,1ST,0,1,2967,0,5951,5951,509:57:00,,,,85:00:00,131:07:00,32:20:00,8,13-01-2026 07:00,13-01-2026 15:29,290:19:00,"[{""tool_id"":500,""loss_code"":10,""lossName"":""No Plan"",""lossTime"":""02:41""},{""tool_id"":500,""loss_code"":20,""lossName"":""Unclassified"",""lossTime"":""38:39""},{""tool_id"":500,""loss_code"":7,""lossName"":""No Manpower"",""lossTime"":""27:17""},{""tool_id"":500,""loss_code"":13,""lossName"":""Scrap Removal \/ Die Cleaning"",""lossTime"":""05:23""},{""tool_id"":500,""loss_code"":37,""lossName"":""Machine Idle"",""lossTime"":""32:20""},{""tool_id"":500,""loss_code"":6,""lossName"":""Quality Hold"",""lossTime"":""02:29""},{""tool_id"":500,""loss_code"":16,""lossName"":""Die Change"",""lossTime"":""53:53""},{""tool_id"":500,""loss_code"":3,""lossName"":""No Raw Material"",""lossTime"":""08:07""},{""tool_id"":500,""loss_code"":19,""lossName"":""Other"",""lossTime"":""27:29""},{""tool_id"":500,""loss_code"":17,""lossName"":""Tea Break"",""lossTime"":""32:10""},{""tool_id"":500,""loss_code"":18,""lossName"":""Lunch"",""lossTime"":""44:58""},{""tool_id"":500,""loss_code"":5,""lossName"":""No Operator"",""lossTime"":""14:53""}]",27.54,16.05,0,0,,,,13-01-2026 20:00,13-01-2026 20:00,,
40,,13-01-2026 07:00,14-01-2026 06:59,13-01-2026 00:00,07:00 - 06:59,18,409,4,82,500,1ST,0,1,2880,0,3922,3922,509:43:00,,,,45:38:00,171:22:00,61:07:00,8,13-01-2026 07:00,13-01-2026 15:29,290:25:00,"[{""tool_id"":500,""loss_code"":38,""lossName"":""Shift Start"",""lossTime"":""14:18""},{""tool_id"":500,""loss_code"":20,""lossName"":""Unclassified"",""lossTime"":""79:27""},{""tool_id"":500,""loss_code"":16,""lossName"":""Die Change"",""lossTime"":""52:13""},{""tool_id"":500,""loss_code"":37,""lossName"":""Machine Idle"",""lossTime"":""61:07""},{""tool_id"":500,""loss_code"":6,""lossName"":""Quality Hold"",""lossTime"":""00:11""},{""tool_id"":500,""loss_code"":17,""lossName"":""Tea Break"",""lossTime"":""38:11""},{""tool_id"":500,""loss_code"":18,""lossName"":""Lunch"",""lossTime"":""44:58""}]",18.07,10.89,0,0,,,,13-01-2026 20:00,13-01-2026 20:00,,
41,,13-01-2026 07:00,14-01-2026 06:59,13-01-2026 00:00,07:00 - 06:59,18,409,4,83,500,1ST,0,1,2101,0,3177,3177,509:57:00,,,,62:39:00,50:32:00,40:05:00,8,13-01-2026 07:00,13-01-2026 15:29,394:01:00,"[{""tool_id"":500,""loss_code"":20,""lossName"":""Unclassified"",""lossTime"":""55:59""},{""tool_id"":500,""loss_code"":37,""lossName"":""Machine Idle"",""lossTime"":""40:05""},{""tool_id"":500,""loss_code"":3,""lossName"":""No Raw Material"",""lossTime"":""41:48""},{""tool_id"":500,""loss_code"":16,""lossName"":""Die Change"",""lossTime"":""182:18""},{""tool_id"":500,""loss_code"":18,""lossName"":""Lunch"",""lossTime"":""44:32""},{""tool_id"":500,""loss_code"":8,""lossName"":""Tooling Work"",""lossTime"":""08:47""},{""tool_id"":500,""loss_code"":17,""lossName"":""Tea Break"",""lossTime"":""20:32""}]",28.07,12.1,0,0,,,,13-01-2026 20:00,13-01-2026 20:00,,
42,,13-01-2026 07:00,14-01-2026 06:59,13-01-2026 00:00,07:00 - 06:59,18,409,4,84,500,1ST,0,1,4020,0,2441,2441,509:57:00,,,,53:40:00,195:22:00,61:33:00,8,13-01-2026 07:00,13-01-2026 15:29,258:54:00,"[{""tool_id"":500,""loss_code"":38,""lossName"":""Shift Start"",""lossTime"":""07:27""},{""tool_id"":500,""loss_code"":37,""lossName"":""Machine Idle"",""lossTime"":""61:33""},{""tool_id"":500,""loss_code"":20,""lossName"":""Unclassified"",""lossTime"":""189:54""}]",9.8,4.86,0,0,,,,13-01-2026 20:00,13-01-2026 20:00,,
43,,13-01-2026 07:00,14-01-2026 06:59,13-01-2026 00:00,07:00 - 06:59,18,409,4,85,500,1ST,0,1,2973,0,3715,3715,509:57:00,,,,68:03:00,177:23:00,51:18:00,8,13-01-2026 07:00,13-01-2026 15:29,261:23:00,"[{""tool_id"":500,""loss_code"":38,""lossName"":""Shift Start"",""lossTime"":""08:03""},{""tool_id"":500,""loss_code"":37,""lossName"":""Machine Idle"",""lossTime"":""51:18""},{""tool_id"":500,""loss_code"":20,""lossName"":""Unclassified"",""lossTime"":""71:48""},{""tool_id"":500,""loss_code"":17,""lossName"":""Tea Break"",""lossTime"":""15:18""},{""tool_id"":500,""loss_code"":16,""lossName"":""Die Change"",""lossTime"":""114:56""}]",15.14,10,0,0,,,,13-01-2026 20:00,13-01-2026 20:00,,
44,,13-01-2026 07:00,14-01-2026 06:59,13-01-2026 00:00,07:00 - 06:59,18,409,4,86,500,1ST,0,1,3410,0,3310,3310,509:57:00,,,,60:42:00,236:46:00,77:07:00,8,13-01-2026 07:00,13-01-2026 15:29,208:28:00,"[{""tool_id"":500,""loss_code"":20,""lossName"":""Unclassified"",""lossTime"":""47:39""},{""tool_id"":500,""loss_code"":37,""lossName"":""Machine Idle"",""lossTime"":""77:07""},{""tool_id"":500,""loss_code"":17,""lossName"":""Tea Break"",""lossTime"":""26:25""},{""tool_id"":500,""loss_code"":16,""lossName"":""Die Change"",""lossTime"":""16:55""},{""tool_id"":500,""loss_code"":18,""lossName"":""Lunch"",""lossTime"":""40:22""}]",11.13,7.77,0,0,,,,13-01-2026 20:00,13-01-2026 20:00,,
45,,13-01-2026 07:00,14-01-2026 06:59,13-01-2026 00:00,07:00 - 06:59,18,409,4,87,500,1ST,0,1,4058,0,3224,3224,509:57:00,,,,89:06:00,110:35:00,51:49:00,8,13-01-2026 07:00,13-01-2026 15:29,307:40:00,"[{""tool_id"":500,""loss_code"":20,""lossName"":""Unclassified"",""lossTime"":""253:10""},{""tool_id"":500,""loss_code"":37,""lossName"":""Machine Idle"",""lossTime"":""51:49""},{""tool_id"":500,""loss_code"":16,""lossName"":""Die Change"",""lossTime"":""02:41""}]",16.15,6.36,0,0,,,,13-01-2026 20:00,13-01-2026 20:00,,
46,,13-01-2026 07:00,14-01-2026 06:59,13-01-2026 00:00,07:00 - 06:59,18,409,4,88,500,1ST,0,1,3479,0,1351,1351,509:57:00,,,,36:14:00,81:46:00,34:23:00,8,13-01-2026 07:00,13-01-2026 15:29,389:04:00,"[{""tool_id"":500,""loss_code"":20,""lossName"":""Unclassified"",""lossTime"":""267:29""},{""tool_id"":500,""loss_code"":16,""lossName"":""Die Change"",""lossTime"":""13:51""},{""tool_id"":500,""loss_code"":37,""lossName"":""Machine Idle"",""lossTime"":""34:23""},{""tool_id"":500,""loss_code"":18,""lossName"":""Lunch"",""lossTime"":""45:13""},{""tool_id"":500,""loss_code"":19,""lossName"":""Other"",""lossTime"":""12:09""},{""tool_id"":500,""loss_code"":17,""lossName"":""Tea Break"",""lossTime"":""15:59""}]",11.45,3.11,0,0,,,,13-01-2026 20:00,13-01-2026 20:00,,
47,,13-01-2026 07:00,14-01-2026 06:59,13-01-2026 00:00,07:00 - 06:59,18,409,4,89,500,1ST,0,1,3803,0,4968,4968,509:57:00,,,,84:42:00,72:58:00,35:56:00,8,13-01-2026 07:00,13-01-2026 15:29,349:08:00,"[{""tool_id"":500,""loss_code"":19,""lossName"":""Other"",""lossTime"":""82:03""},{""tool_id"":500,""loss_code"":37,""lossName"":""Machine Idle"",""lossTime"":""35:56""},{""tool_id"":500,""loss_code"":20,""lossName"":""Unclassified"",""lossTime"":""195:51""},{""tool_id"":500,""loss_code"":8,""lossName"":""Tooling Work"",""lossTime"":""00:40""},{""tool_id"":500,""loss_code"":17,""lossName"":""Tea Break"",""lossTime"":""34:38""}]",31.51,10.45,0,0,,,,13-01-2026 20:00,13-01-2026 20:00,,
48,,13-01-2026 07:00,14-01-2026 06:59,13-01-2026 00:00,07:00 - 06:59,18,409,4,90,500,1ST,0,1,3285,0,4013,4013,509:57:00,,,,69:57:00,196:11:00,57:55:00,8,13-01-2026 07:00,13-01-2026 15:29,241:59:00,"[{""tool_id"":500,""loss_code"":38,""lossName"":""Shift Start"",""lossTime"":""05:23""},{""tool_id"":500,""loss_code"":37,""lossName"":""Machine Idle"",""lossTime"":""57:55""},{""tool_id"":500,""loss_code"":20,""lossName"":""Unclassified"",""lossTime"":""84:42""},{""tool_id"":500,""loss_code"":17,""lossName"":""Tea Break"",""lossTime"":""33:10""},{""tool_id"":500,""loss_code"":18,""lossName"":""Lunch"",""lossTime"":""44:40""},{""tool_id"":500,""loss_code"":16,""lossName"":""Die Change"",""lossTime"":""16:09""}]",15.08,9.77,0,0,,,,13-01-2026 20:00,13-01-2026 20:00,,
49,,13-01-2026 07:00,14-01-2026 06:59,13-01-2026 00:00,07:00 - 06:59,18,409,4,91,500,1ST,0,1,3143,0,3255,3255,509:57:00,,,,43:03:00,149:44:00,33:29:00,8,13-01-2026 07:00,13-01-2026 15:29,314:19:00,"[{""tool_id"":500,""loss_code"":19,""lossName"":""Other"",""lossTime"":""103:40""},{""tool_id"":500,""loss_code"":17,""lossName"":""Tea Break"",""lossTime"":""17:45""},{""tool_id"":500,""loss_code"":37,""lossName"":""Machine Idle"",""lossTime"":""33:29""},{""tool_id"":500,""loss_code"":20,""lossName"":""Unclassified"",""lossTime"":""60:02""},{""tool_id"":500,""loss_code"":16,""lossName"":""Die Change"",""lossTime"":""53:40""},{""tool_id"":500,""loss_code"":18,""lossName"":""Lunch"",""lossTime"":""45:43""}]",16.88,8.29,0,0,,,,13-01-2026 20:00,13-01-2026 20:00,,
50,,13-01-2026 07:00,14-01-2026 06:59,13-01-2026 00:00,07:00 - 06:59,18,409,4,92,500,1ST,0,1,2617,0,2171,2171,509:57:00,,,,55:57:00,124:09:00,42:45:00,8,13-01-2026 07:00,13-01-2026 15:29,326:48:00,"[{""tool_id"":500,""loss_code"":7,""lossName"":""No Manpower"",""lossTime"":""26:24""},{""tool_id"":500,""loss_code"":37,""lossName"":""Machine Idle"",""lossTime"":""42:45""},{""tool_id"":500,""loss_code"":20,""lossName"":""Unclassified"",""lossTime"":""72:24""},{""tool_id"":500,""loss_code"":16,""lossName"":""Die Change"",""lossTime"":""103:03""},{""tool_id"":500,""loss_code"":17,""lossName"":""Tea Break"",""lossTime"":""32:38""},{""tool_id"":500,""loss_code"":18,""lossName"":""Lunch"",""lossTime"":""47:08""},{""tool_id"":500,""loss_code"":8,""lossName"":""Tooling Work"",""lossTime"":""02:26""}]",12.05,6.64,0,0,,,,13-01-2026 20:00,13-01-2026 20:00,,
51,,13-01-2026 07:00,14-01-2026 06:59,13-01-2026 00:00,07:00 - 06:59,18,409,4,93,500,1ST,0,1,2883,0,2689,2689,509:57:00,,,,70:56:00,153:13:00,52:16:00,8,13-01-2026 07:00,13-01-2026 15:29,282:49:00,"[{""tool_id"":500,""loss_code"":16,""lossName"":""Die Change"",""lossTime"":""76:35""},{""tool_id"":500,""loss_code"":37,""lossName"":""Machine Idle"",""lossTime"":""52:16""},{""tool_id"":500,""loss_code"":20,""lossName"":""Unclassified"",""lossTime"":""68:49""},{""tool_id"":500,""loss_code"":17,""lossName"":""Tea Break"",""lossTime"":""31:48""},{""tool_id"":500,""loss_code"":19,""lossName"":""Other"",""lossTime"":""12:06""},{""tool_id"":500,""loss_code"":18,""lossName"":""Lunch"",""lossTime"":""41:15""}]",12,7.46,0,0,,,,13-01-2026 20:00,13-01-2026 20:00,,
52,,13-01-2026 07:00,14-01-2026 06:59,13-01-2026 00:00,07:00 - 06:59,18,409,4,94,500,1ST,0,1,3089,0,2803,2803,509:57:00,,,,53:11:00,129:57:00,48:05:00,8,13-01-2026 07:00,13-01-2026 15:29,323:48:00,"[{""tool_id"":500,""loss_code"":19,""lossName"":""Other"",""lossTime"":""102:50""},{""tool_id"":500,""loss_code"":17,""lossName"":""Tea Break"",""lossTime"":""31:31""},{""tool_id"":500,""loss_code"":37,""lossName"":""Machine Idle"",""lossTime"":""48:05""},{""tool_id"":500,""loss_code"":20,""lossName"":""Unclassified"",""lossTime"":""49:05""},{""tool_id"":500,""loss_code"":16,""lossName"":""Die Change"",""lossTime"":""48:11""},{""tool_id"":500,""loss_code"":18,""lossName"":""Lunch"",""lossTime"":""44:06""}]",15.31,7.26,0,0,,,,13-01-2026 20:00,13-01-2026 20:00,,
53,,13-01-2026 07:00,14-01-2026 06:59,13-01-2026 00:00,07:00 - 06:59,18,409,3,95,500,A-SH,0,1,4931,5890,10109,4219,719:57:00,,,,109:53:00,283:48:00,59:38:00,8,13-01-2026 07:00,13-01-2026 18:59,321:58:00,"[{""tool_id"":500,""loss_code"":20,""lossName"":""Unclassified"",""lossTime"":""156:14""},{""tool_id"":500,""loss_code"":37,""lossName"":""Machine Idle"",""lossTime"":""59:38""},{""tool_id"":500,""loss_code"":17,""lossName"":""Tea Break"",""lossTime"":""50:13""},{""tool_id"":500,""loss_code"":16,""lossName"":""Die Change"",""lossTime"":""15:34""},{""tool_id"":500,""loss_code"":18,""lossName"":""Lunch"",""lossTime"":""37:51""},{""tool_id"":500,""loss_code"":3,""lossName"":""No Raw Material"",""lossTime"":""02:28""}]",10.72,6.85,0,0,,,,13-01-2026 20:00,13-01-2026 20:00,,
54,,13-01-2026 07:00,14-01-2026 06:59,13-01-2026 00:00,07:00 - 06:59,18,409,2,3,52,1ST,0201ABM00070N,20,375,2301,2640,339,86:03:00,,,,15:15,26:52:00,2:00,8,13-01-2026 14:03,13-01-2026 15:29,43:35:00,"[{""tool_id"":52,""loss_code"":16,""lossName"":""Die Change"",""lossTime"":""09:57""},{""tool_id"":52,""loss_code"":8,""lossName"":""Tooling Work"",""lossTime"":""02:30""},{""tool_id"":52,""loss_code"":37,""lossName"":""Machine Idle"",""lossTime"":""01:58""},{""tool_id"":52,""loss_code"":17,""lossName"":""Tea Break"",""lossTime"":""13:24""},{""tool_id"":52,""loss_code"":13,""lossName"":""Scrap Removal \/ Die Cleaning"",""lossTime"":""02:27""},{""tool_id"":52,""loss_code"":10,""lossName"":""No Plan"",""lossTime"":""13:19""}]",8.05,7.22,0,0,,,,13-01-2026 20:00,13-01-2026 20:00,,
55,,13-01-2026 07:00,14-01-2026 06:59,13-01-2026 00:00,07:00 - 06:59,18,409,2,4,53,1ST,0201ABM00070N,30,367,2302,2627,325,86:01:00,,,,13:41,26:28:00,3:24,8,13-01-2026 14:03,13-01-2026 15:29,45:09:00,"[{""tool_id"":53,""loss_code"":16,""lossName"":""Die Change"",""lossTime"":""12:34""},{""tool_id"":53,""loss_code"":37,""lossName"":""Machine Idle"",""lossTime"":""03:27""},{""tool_id"":53,""loss_code"":20,""lossName"":""Unclassified"",""lossTime"":""01:02""},{""tool_id"":53,""loss_code"":6,""lossName"":""Quality Hold"",""lossTime"":""00:32""},{""tool_id"":53,""loss_code"":17,""lossName"":""Tea Break"",""lossTime"":""12:39""},{""tool_id"":53,""loss_code"":10,""lossName"":""No Plan"",""lossTime"":""14:55""}]",8.09,7.08,0,0,,,,13-01-2026 20:00,13-01-2026 20:00,,
56,,13-01-2026 07:00,14-01-2026 06:59,13-01-2026 00:00,07:00 - 06:59,18,409,2,2,51,1ST,0201ABM00070N,10,382,2304,2664,360,78:19:00,,,,16:29,24:09:00,0:48,8,13-01-2026 14:11,13-01-2026 15:29,36:58:00,"[{""tool_id"":51,""loss_code"":16,""lossName"":""Die Change"",""lossTime"":""01:34""},{""tool_id"":51,""loss_code"":37,""lossName"":""Machine Idle"",""lossTime"":""00:48""},{""tool_id"":51,""loss_code"":17,""lossName"":""Tea Break"",""lossTime"":""13:46""},{""tool_id"":51,""loss_code"":19,""lossName"":""Other"",""lossTime"":""02:22""},{""tool_id"":51,""loss_code"":3,""lossName"":""No Raw Material"",""lossTime"":""03:17""},{""tool_id"":51,""loss_code"":10,""lossName"":""No Plan"",""lossTime"":""15:11""}]",8.86,7.53,0,0,,,,13-01-2026 20:00,13-01-2026 20:00,,
57,,13-01-2026 07:00,14-01-2026 06:59,13-01-2026 00:00,07:00 - 06:59,18,409,2,5,54,1ST,0201ABM00070N,40,482,2306,2627,321,74:55:00,,,,13:37,23:06,3:17,8,13-01-2026 14:15,13-01-2026 15:29,36:54:00,"[{""tool_id"":54,""loss_code"":16,""lossName"":""Die Change"",""lossTime"":""01:08""},{""tool_id"":54,""loss_code"":37,""lossName"":""Machine Idle"",""lossTime"":""03:19""},{""tool_id"":54,""loss_code"":11,""lossName"":""On-Line Material"",""lossTime"":""03:29""},{""tool_id"":54,""loss_code"":20,""lossName"":""Unclassified"",""lossTime"":""12:49""},{""tool_id"":54,""loss_code"":19,""lossName"":""Other"",""lossTime"":""02:35""},{""tool_id"":54,""loss_code"":13,""lossName"":""Scrap Removal \/ Die Cleaning"",""lossTime"":""02:07""},{""tool_id"":54,""loss_code"":10,""lossName"":""No Plan"",""lossTime"":""11:27""}]",8.74,5.33,0,0,,,,13-01-2026 20:00,13-01-2026 20:00,,
58,,13-01-2026 07:00,14-01-2026 06:59,13-01-2026 00:00,07:00 - 06:59,18,409,3,12,214,A-SH,0208ABM00130N/0140N,60,364,2909,3139,230,279:47:00,,,,6:19,20:51,11:08,8,13-01-2026 14:20,13-01-2026 18:59,252:03:00,"[{""tool_id"":214,""loss_code"":37,""lossName"":""Machine Idle"",""lossTime"":""11:18""},{""tool_id"":214,""loss_code"":20,""lossName"":""Unclassified"",""lossTime"":""06:31""},{""tool_id"":214,""loss_code"":17,""lossName"":""Tea Break"",""lossTime"":""12:50""},{""tool_id"":214,""loss_code"":10,""lossName"":""No Plan"",""lossTime"":""221:24""}]",8.47,5.05,0,0,,,,13-01-2026 20:00,13-01-2026 20:00,,
59,,13-01-2026 07:00,14-01-2026 06:59,13-01-2026 00:00,07:00 - 06:59,18,409,4,70,500,2ND,0,1,1575,0,1351,1351,267:57:00,,,,33:23:00,102:49:00,28:34:00,8,13-01-2026 15:30,13-01-2026 19:57,130:27:00,"[{""tool_id"":500,""loss_code"":38,""lossName"":""Shift Start"",""lossTime"":""02:23""},{""tool_id"":500,""loss_code"":12,""lossName"":""Die Breakdown"",""lossTime"":""14:02""},{""tool_id"":500,""loss_code"":37,""lossName"":""Machine Idle"",""lossTime"":""28:34""},{""tool_id"":500,""loss_code"":6,""lossName"":""Quality Hold"",""lossTime"":""01:13""},{""tool_id"":500,""loss_code"":3,""lossName"":""No Raw Material"",""lossTime"":""09:45""},{""tool_id"":500,""loss_code"":20,""lossName"":""Unclassified"",""lossTime"":""19:49""},{""tool_id"":500,""loss_code"":17,""lossName"":""Tea Break"",""lossTime"":""15:21""},{""tool_id"":500,""loss_code"":9,""lossName"":""Machine Breakdown"",""lossTime"":""00:01""},{""tool_id"":500,""loss_code"":18,""lossName"":""Lunch"",""lossTime"":""39:19""}]",9.92,6.86,0,0,,,,13-01-2026 20:00,13-01-2026 20:00,,
60,,13-01-2026 07:00,14-01-2026 06:59,13-01-2026 00:00,07:00 - 06:59,18,409,2,3,52,2ND,0201ABM00070N,20,683,0,549,549,113:00:00,,,,25:23:00,46:30:00,10:33,8,13-01-2026 15:30,13-01-2026 17:23,41:00:00,"[{""tool_id"":52,""loss_code"":38,""lossName"":""Shift Start"",""lossTime"":""03:26""},{""tool_id"":52,""loss_code"":10,""lossName"":""No Plan"",""lossTime"":""00:01""},{""tool_id"":52,""loss_code"":19,""lossName"":""Other"",""lossTime"":""00:23""},{""tool_id"":52,""loss_code"":37,""lossName"":""Machine Idle"",""lossTime"":""10:38""},{""tool_id"":52,""loss_code"":20,""lossName"":""Unclassified"",""lossTime"":""01:37""},{""tool_id"":52,""loss_code"":17,""lossName"":""Tea Break"",""lossTime"":""12:32""},{""tool_id"":52,""loss_code"":7,""lossName"":""No Manpower"",""lossTime"":""00:48""},{""tool_id"":52,""loss_code"":16,""lossName"":""Die Change"",""lossTime"":""11:35""}]",7.64,6.43,0,0,,,,13-01-2026 20:00,13-01-2026 20:00,,
61,,13-01-2026 07:00,14-01-2026 06:59,13-01-2026 00:00,07:00 - 06:59,18,409,2,5,54,2ND,0201ABM00070N,40,745,0,567,567,124:53:00,,,,24:12:00,43:09:00,10:33,8,13-01-2026 15:30,13-01-2026 17:34,56:29:00,"[{""tool_id"":54,""loss_code"":38,""lossName"":""Shift Start"",""lossTime"":""02:18""},{""tool_id"":54,""loss_code"":11,""lossName"":""On-Line Material"",""lossTime"":""07:57""},{""tool_id"":54,""loss_code"":37,""lossName"":""Machine Idle"",""lossTime"":""10:18""},{""tool_id"":54,""loss_code"":20,""lossName"":""Unclassified"",""lossTime"":""03:39""},{""tool_id"":54,""loss_code"":19,""lossName"":""Other"",""lossTime"":""02:53""},{""tool_id"":54,""loss_code"":17,""lossName"":""Tea Break"",""lossTime"":""08:50""},{""tool_id"":54,""loss_code"":13,""lossName"":""Scrap Removal \/ Die Cleaning"",""lossTime"":""00:01""},{""tool_id"":54,""loss_code"":16,""lossName"":""Die Change"",""lossTime"":""20:33""}]",8.42,6.08,0,0,,,,13-01-2026 20:00,13-01-2026 20:00,,
62,,13-01-2026 07:00,14-01-2026 06:59,13-01-2026 00:00,07:00 - 06:59,18,409,4,69,500,2ND,0,1,1454,0,1763,1763,268:08:00,,,,45:26:00,75:52:00,25:20:00,8,13-01-2026 15:30,13-01-2026 19:58,145:55:00,"[{""tool_id"":500,""loss_code"":20,""lossName"":""Unclassified"",""lossTime"":""15:41""},{""tool_id"":500,""loss_code"":37,""lossName"":""Machine Idle"",""lossTime"":""25:20""},{""tool_id"":500,""loss_code"":6,""lossName"":""Quality Hold"",""lossTime"":""04:14""},{""tool_id"":500,""loss_code"":5,""lossName"":""No Operator"",""lossTime"":""08:24""},{""tool_id"":500,""loss_code"":16,""lossName"":""Die Change"",""lossTime"":""33:04""},{""tool_id"":500,""loss_code"":17,""lossName"":""Tea Break"",""lossTime"":""14:49""},{""tool_id"":500,""loss_code"":19,""lossName"":""Other"",""lossTime"":""05:54""},{""tool_id"":500,""loss_code"":18,""lossName"":""Lunch"",""lossTime"":""38:29""}]",14.53,9.7,0,0,,,,13-01-2026 20:00,13-01-2026 20:00,,
63,,13-01-2026 07:00,14-01-2026 06:59,13-01-2026 00:00,07:00 - 06:59,18,409,4,77,500,2ND,0,1,1702,0,2650,2650,268:08:00,,,,50:47:00,105:19:00,36:51:00,8,13-01-2026 15:30,13-01-2026 19:58,110:43:00,"[{""tool_id"":500,""loss_code"":38,""lossName"":""Shift Start"",""lossTime"":""02:06""},{""tool_id"":500,""loss_code"":37,""lossName"":""Machine Idle"",""lossTime"":""36:51""},{""tool_id"":500,""loss_code"":20,""lossName"":""Unclassified"",""lossTime"":""06:45""},{""tool_id"":500,""loss_code"":19,""lossName"":""Other"",""lossTime"":""10:25""},{""tool_id"":500,""loss_code"":17,""lossName"":""Tea Break"",""lossTime"":""15:24""},{""tool_id"":500,""loss_code"":3,""lossName"":""No Raw Material"",""lossTime"":""01:16""},{""tool_id"":500,""loss_code"":18,""lossName"":""Lunch"",""lossTime"":""37:56""}]",16.98,12.46,0,0,,,,13-01-2026 20:00,13-01-2026 20:00,,
64,,13-01-2026 07:00,14-01-2026 06:59,13-01-2026 00:00,07:00 - 06:59,18,409,4,94,500,2ND,0,1,1443,0,1285,1285,267:59:00,,,,34:54:00,79:57:00,37:50:00,8,13-01-2026 15:30,13-01-2026 19:58,152:14:00,"[{""tool_id"":500,""loss_code"":38,""lossName"":""Shift Start"",""lossTime"":""03:46""},{""tool_id"":500,""loss_code"":37,""lossName"":""Machine Idle"",""lossTime"":""37:50""},{""tool_id"":500,""loss_code"":6,""lossName"":""Quality Hold"",""lossTime"":""07:22""},{""tool_id"":500,""loss_code"":19,""lossName"":""Other"",""lossTime"":""10:06""},{""tool_id"":500,""loss_code"":17,""lossName"":""Tea Break"",""lossTime"":""16:07""},{""tool_id"":500,""loss_code"":20,""lossName"":""Unclassified"",""lossTime"":""09:21""},{""tool_id"":500,""loss_code"":16,""lossName"":""Die Change"",""lossTime"":""28:53""},{""tool_id"":500,""loss_code"":18,""lossName"":""Lunch"",""lossTime"":""38:49""}]",11.19,7.12,0,0,,,,13-01-2026 20:00,13-01-2026 20:00,,
65,,13-01-2026 07:00,14-01-2026 06:59,13-01-2026 00:00,07:00 - 06:59,18,409,4,71,500,2ND,0,1,1460,0,1157,1157,267:59:00,,,,25:55:00,99:38:00,47:43:00,8,13-01-2026 15:30,13-01-2026 19:58,141:53:00,"[{""tool_id"":500,""loss_code"":38,""lossName"":""Shift Start"",""lossTime"":""04:14""},{""tool_id"":500,""loss_code"":37,""lossName"":""Machine Idle"",""lossTime"":""47:43""},{""tool_id"":500,""loss_code"":20,""lossName"":""Unclassified"",""lossTime"":""05:16""},{""tool_id"":500,""loss_code"":17,""lossName"":""Tea Break"",""lossTime"":""16:55""},{""tool_id"":500,""loss_code"":19,""lossName"":""Other"",""lossTime"":""03:23""},{""tool_id"":500,""loss_code"":16,""lossName"":""Die Change"",""lossTime"":""64:22""}]",9.22,6.34,0,0,,,,13-01-2026 20:00,13-01-2026 20:00,,
66,,13-01-2026 07:00,14-01-2026 06:59,13-01-2026 00:00,07:00 - 06:59,18,409,4,79,500,2ND,0,1,1709,0,1901,1901,268:11:00,,,,46:02:00,76:10:00,12:53,8,13-01-2026 15:30,13-01-2026 19:58,144:38:00,"[{""tool_id"":500,""loss_code"":20,""lossName"":""Unclassified"",""lossTime"":""48:32""},{""tool_id"":500,""loss_code"":37,""lossName"":""Machine Idle"",""lossTime"":""12:53""},{""tool_id"":500,""loss_code"":16,""lossName"":""Die Change"",""lossTime"":""54:37""},{""tool_id"":500,""loss_code"":9,""lossName"":""Machine Breakdown"",""lossTime"":""13:29""},{""tool_id"":500,""loss_code"":8,""lossName"":""Tooling Work"",""lossTime"":""15:07""}]",15.56,8.9,0,0,,,,13-01-2026 20:00,13-01-2026 20:00,,
67,,13-01-2026 07:00,14-01-2026 06:59,13-01-2026 00:00,07:00 - 06:59,18,409,4,86,500,2ND,0,1,1404,0,1878,1878,267:59:00,,,,34:40:00,83:44:00,18:25,8,13-01-2026 15:30,13-01-2026 19:58,148:53:00,"[{""tool_id"":500,""loss_code"":20,""lossName"":""Unclassified"",""lossTime"":""37:57""},{""tool_id"":500,""loss_code"":37,""lossName"":""Machine Idle"",""lossTime"":""18:25""},{""tool_id"":500,""loss_code"":17,""lossName"":""Tea Break"",""lossTime"":""16:19""},{""tool_id"":500,""loss_code"":16,""lossName"":""Die Change"",""lossTime"":""37:52""},{""tool_id"":500,""loss_code"":18,""lossName"":""Lunch"",""lossTime"":""38:20""}]",15.86,10.7,0,0,,,,13-01-2026 20:00,13-01-2026 20:00,,
68,,13-01-2026 07:00,14-01-2026 06:59,13-01-2026 00:00,07:00 - 06:59,18,409,4,93,500,2ND,0,1,1684,0,1521,1521,268:04:00,,,,41:20:00,83:22:00,34:37:00,8,13-01-2026 15:30,13-01-2026 19:58,141:54:00,"[{""tool_id"":500,""loss_code"":20,""lossName"":""Unclassified"",""lossTime"":""24:39""},{""tool_id"":500,""loss_code"":37,""lossName"":""Machine Idle"",""lossTime"":""34:37""},{""tool_id"":500,""loss_code"":6,""lossName"":""Quality Hold"",""lossTime"":""06:58""},{""tool_id"":500,""loss_code"":3,""lossName"":""No Raw Material"",""lossTime"":""06:19""},{""tool_id"":500,""loss_code"":17,""lossName"":""Tea Break"",""lossTime"":""19:23""},{""tool_id"":500,""loss_code"":19,""lossName"":""Other"",""lossTime"":""11:44""},{""tool_id"":500,""loss_code"":18,""lossName"":""Lunch"",""lossTime"":""38:14""}]",12.2,7.23,0,0,,,,13-01-2026 20:00,13-01-2026 20:00,,
69,,13-01-2026 07:00,14-01-2026 06:59,13-01-2026 00:00,07:00 - 06:59,18,409,2,2,51,2ND,0201ABM00070N,10,648,0,528,528,94:09:00,,,,23:42,47:57:00,5:52,8,13-01-2026 15:30,13-01-2026 17:04,22:26,"[{""tool_id"":51,""loss_code"":38,""lossName"":""Shift Start"",""lossTime"":""01:53""},{""tool_id"":51,""loss_code"":19,""lossName"":""Other"",""lossTime"":""03:13""},{""tool_id"":51,""loss_code"":37,""lossName"":""Machine Idle"",""lossTime"":""06:01""},{""tool_id"":51,""loss_code"":17,""lossName"":""Tea Break"",""lossTime"":""11:18""},{""tool_id"":51,""loss_code"":16,""lossName"":""Die Change"",""lossTime"":""00:01""}]",7.37,6.52,0,0,,,,13-01-2026 20:00,13-01-2026 20:00,,
70,,13-01-2026 07:00,14-01-2026 06:59,13-01-2026 00:00,07:00 - 06:59,18,409,2,4,53,2ND,0201ABM00070N,30,739,0,564,564,119:24:00,,,,24:22:00,47:50:00,11:52,8,13-01-2026 15:30,13-01-2026 17:29,46:36:00,"[{""tool_id"":53,""loss_code"":38,""lossName"":""Shift Start"",""lossTime"":""01:25""},{""tool_id"":53,""loss_code"":13,""lossName"":""Scrap Removal \/ Die Cleaning"",""lossTime"":""00:15""},{""tool_id"":53,""loss_code"":37,""lossName"":""Machine Idle"",""lossTime"":""11:43""},{""tool_id"":53,""loss_code"":20,""lossName"":""Unclassified"",""lossTime"":""04:23""},{""tool_id"":53,""loss_code"":17,""lossName"":""Tea Break"",""lossTime"":""09:30""},{""tool_id"":53,""loss_code"":11,""lossName"":""On-Line Material"",""lossTime"":""03:26""},{""tool_id"":53,""loss_code"":16,""lossName"":""Die Change"",""lossTime"":""15:54""}]",7.81,6.11,0,0,,,,13-01-2026 20:00,13-01-2026 20:00,,
71,,13-01-2026 07:00,14-01-2026 06:59,13-01-2026 00:00,07:00 - 06:59,18,409,4,74,500,2ND,0,1,1416,0,1193,1193,268:08:00,,,,29:18:00,49:30:00,51:13:00,8,13-01-2026 15:30,13-01-2026 19:58,188:24:00,"[{""tool_id"":500,""loss_code"":38,""lossName"":""Shift Start"",""lossTime"":""05:35""},{""tool_id"":500,""loss_code"":37,""lossName"":""Machine Idle"",""lossTime"":""51:13""},{""tool_id"":500,""loss_code"":20,""lossName"":""Unclassified"",""lossTime"":""18:00""},{""tool_id"":500,""loss_code"":16,""lossName"":""Die Change"",""lossTime"":""30:08""},{""tool_id"":500,""loss_code"":17,""lossName"":""Tea Break"",""lossTime"":""17:09""},{""tool_id"":500,""loss_code"":6,""lossName"":""Quality Hold"",""lossTime"":""02:03""},{""tool_id"":500,""loss_code"":3,""lossName"":""No Raw Material"",""lossTime"":""10:52""},{""tool_id"":500,""loss_code"":19,""lossName"":""Other"",""lossTime"":""15:06""},{""tool_id"":500,""loss_code"":18,""lossName"":""Lunch"",""lossTime"":""38:18""}]",15.14,6.74,0,0,,,,13-01-2026 20:00,13-01-2026 20:00,,
72,,13-01-2026 07:00,14-01-2026 06:59,13-01-2026 00:00,07:00 - 06:59,18,409,4,84,500,2ND,0,1,1669,0,1611,1611,267:59:00,,,,35:54:00,109:38:00,34:50:00,8,13-01-2026 15:30,13-01-2026 19:58,120:48:00,"[{""tool_id"":500,""loss_code"":38,""lossName"":""Shift Start"",""lossTime"":""05:08""},{""tool_id"":500,""loss_code"":37,""lossName"":""Machine Idle"",""lossTime"":""34:50""},{""tool_id"":500,""loss_code"":20,""lossName"":""Unclassified"",""lossTime"":""12:35""},{""tool_id"":500,""loss_code"":17,""lossName"":""Tea Break"",""lossTime"":""15:23""},{""tool_id"":500,""loss_code"":19,""lossName"":""Other"",""lossTime"":""14:05""},{""tool_id"":500,""loss_code"":18,""lossName"":""Lunch"",""lossTime"":""38:47""}]",11.07,7.72,0,0,,,,13-01-2026 20:00,13-01-2026 20:00,,
73,,13-01-2026 07:00,14-01-2026 06:59,13-01-2026 00:00,07:00 - 06:59,18,409,4,63,500,2ND,0,1,1146,0,777,777,268:00:00,,,,21:31,21:22,10:50,8,13-01-2026 15:30,13-01-2026 19:58,224:03:00,"[{""tool_id"":500,""loss_code"":38,""lossName"":""Shift Start"",""lossTime"":""06:50""},{""tool_id"":500,""loss_code"":37,""lossName"":""Machine Idle"",""lossTime"":""10:50""},{""tool_id"":500,""loss_code"":6,""lossName"":""Quality Hold"",""lossTime"":""02:59""},{""tool_id"":500,""loss_code"":20,""lossName"":""Unclassified"",""lossTime"":""26:48""},{""tool_id"":500,""loss_code"":19,""lossName"":""Other"",""lossTime"":""17:38""},{""tool_id"":500,""loss_code"":3,""lossName"":""No Raw Material"",""lossTime"":""41:00""},{""tool_id"":500,""loss_code"":16,""lossName"":""Die Change"",""lossTime"":""35:53""},{""tool_id"":500,""loss_code"":10,""lossName"":""No Plan"",""lossTime"":""43:07""},{""tool_id"":500,""loss_code"":18,""lossName"":""Lunch"",""lossTime"":""38:58""}]",18.12,5.43,0,0,,,,13-01-2026 20:00,13-01-2026 20:00,,
74,,13-01-2026 07:00,14-01-2026 06:59,13-01-2026 00:00,07:00 - 06:59,18,409,4,64,500,2ND,0,1,1318,0,734,734,267:57:00,,,,18:57,70:15:00,48:13:00,8,13-01-2026 15:30,13-01-2026 19:57,177:37:00,"[{""tool_id"":500,""loss_code"":20,""lossName"":""Unclassified"",""lossTime"":""26:14""},{""tool_id"":500,""loss_code"":37,""lossName"":""Machine Idle"",""lossTime"":""48:13""},{""tool_id"":500,""loss_code"":16,""lossName"":""Die Change"",""lossTime"":""63:09""},{""tool_id"":500,""loss_code"":4,""lossName"":""Plan Maintenance"",""lossTime"":""02:50""},{""tool_id"":500,""loss_code"":18,""lossName"":""Lunch"",""lossTime"":""37:11""}]",8.23,4.45,0,0,,,,13-01-2026 20:00,13-01-2026 20:00,,
75,,13-01-2026 07:00,14-01-2026 06:59,13-01-2026 00:00,07:00 - 06:59,18,409,4,65,500,2ND,0,1,1748,0,1312,1312,267:50:00,,,,37:51:00,90:29:00,51:17:00,8,13-01-2026 15:30,13-01-2026 19:57,137:58:00,"[{""tool_id"":500,""loss_code"":20,""lossName"":""Unclassified"",""lossTime"":""27:56""},{""tool_id"":500,""loss_code"":37,""lossName"":""Machine Idle"",""lossTime"":""51:17""},{""tool_id"":500,""loss_code"":17,""lossName"":""Tea Break"",""lossTime"":""11:45""},{""tool_id"":500,""loss_code"":8,""lossName"":""Tooling Work"",""lossTime"":""00:44""},{""tool_id"":500,""loss_code"":19,""lossName"":""Other"",""lossTime"":""08:43""},{""tool_id"":500,""loss_code"":18,""lossName"":""Lunch"",""lossTime"":""37:33""}]",10.22,6,0,0,,,,13-01-2026 20:00,13-01-2026 20:00,,
76,,13-01-2026 07:00,14-01-2026 06:59,13-01-2026 00:00,07:00 - 06:59,18,409,4,75,500,2ND,0,1,1592,0,2002,2002,268:00:00,,,,39:33:00,62:13:00,17:44,8,13-01-2026 15:30,13-01-2026 19:58,164:42:00,"[{""tool_id"":500,""loss_code"":38,""lossName"":""Shift Start"",""lossTime"":""06:00""},{""tool_id"":500,""loss_code"":37,""lossName"":""Machine Idle"",""lossTime"":""17:44""},{""tool_id"":500,""loss_code"":20,""lossName"":""Unclassified"",""lossTime"":""09:34""},{""tool_id"":500,""loss_code"":19,""lossName"":""Other"",""lossTime"":""68:25""},{""tool_id"":500,""loss_code"":17,""lossName"":""Tea Break"",""lossTime"":""12:43""},{""tool_id"":500,""loss_code"":16,""lossName"":""Die Change"",""lossTime"":""13:22""},{""tool_id"":500,""loss_code"":18,""lossName"":""Lunch"",""lossTime"":""36:54""}]",19.67,10.06,0,0,,,,13-01-2026 20:00,13-01-2026 20:00,,
77,,13-01-2026 07:00,14-01-2026 06:59,13-01-2026 00:00,07:00 - 06:59,18,409,4,80,500,2ND,0,1,1494,0,3082,3082,267:57:00,,,,45:11:00,46:13:00,18:14,8,13-01-2026 15:30,13-01-2026 19:57,175:34:00,"[{""tool_id"":500,""loss_code"":38,""lossName"":""Shift Start"",""lossTime"":""03:16""},{""tool_id"":500,""loss_code"":20,""lossName"":""Unclassified"",""lossTime"":""13:58""},{""tool_id"":500,""loss_code"":5,""lossName"":""No Operator"",""lossTime"":""02:06""},{""tool_id"":500,""loss_code"":37,""lossName"":""Machine Idle"",""lossTime"":""18:14""},{""tool_id"":500,""loss_code"":7,""lossName"":""No Manpower"",""lossTime"":""00:55""},{""tool_id"":500,""loss_code"":3,""lossName"":""No Raw Material"",""lossTime"":""21:33""},{""tool_id"":500,""loss_code"":16,""lossName"":""Die Change"",""lossTime"":""23:57""},{""tool_id"":500,""loss_code"":17,""lossName"":""Tea Break"",""lossTime"":""14:13""},{""tool_id"":500,""loss_code"":19,""lossName"":""Other"",""lossTime"":""37:34""},{""tool_id"":500,""loss_code"":18,""lossName"":""Lunch"",""lossTime"":""39:48""}]",33.72,16.51,0,0,,,,13-01-2026 20:00,13-01-2026 20:00,,
78,,13-01-2026 07:00,14-01-2026 06:59,13-01-2026 00:00,07:00 - 06:59,18,409,4,82,500,2ND,0,1,2088,0,2397,2397,268:03:00,,,,26:37:00,127:29:00,14:36,8,13-01-2026 15:30,13-01-2026 19:58,112:05:00,"[{""tool_id"":500,""loss_code"":38,""lossName"":""Shift Start"",""lossTime"":""07:04""},{""tool_id"":500,""loss_code"":37,""lossName"":""Machine Idle"",""lossTime"":""14:36""},{""tool_id"":500,""loss_code"":20,""lossName"":""Unclassified"",""lossTime"":""90:25""}]",15.55,9.18,0,0,,,,13-01-2026 20:00,13-01-2026 20:00,,
79,,13-01-2026 07:00,14-01-2026 06:59,13-01-2026 00:00,07:00 - 06:59,18,409,4,85,500,2ND,0,1,1649,0,1885,1885,267:59:00,,,,34:48:00,137:55:00,26:30:00,8,13-01-2026 15:30,13-01-2026 19:58,92:59:00,"[{""tool_id"":500,""loss_code"":16,""lossName"":""Die Change"",""lossTime"":""07:03""},{""tool_id"":500,""loss_code"":37,""lossName"":""Machine Idle"",""lossTime"":""26:30""},{""tool_id"":500,""loss_code"":20,""lossName"":""Unclassified"",""lossTime"":""04:36""},{""tool_id"":500,""loss_code"":17,""lossName"":""Tea Break"",""lossTime"":""16:44""},{""tool_id"":500,""loss_code"":18,""lossName"":""Lunch"",""lossTime"":""38:06""}]",10.91,9.15,0,0,,,,13-01-2026 20:00,13-01-2026 20:00,,
80,,13-01-2026 07:00,14-01-2026 06:59,13-01-2026 00:00,07:00 - 06:59,18,409,4,67,500,2ND,0,1,1640,0,1368,1368,267:57:00,,,,36:11:00,89:56:00,26:20:00,8,13-01-2026 15:30,13-01-2026 19:57,141:14:00,"[{""tool_id"":500,""loss_code"":38,""lossName"":""Shift Start"",""lossTime"":""06:36""},{""tool_id"":500,""loss_code"":37,""lossName"":""Machine Idle"",""lossTime"":""26:20""},{""tool_id"":500,""loss_code"":6,""lossName"":""Quality Hold"",""lossTime"":""02:01""},{""tool_id"":500,""loss_code"":20,""lossName"":""Unclassified"",""lossTime"":""13:59""},{""tool_id"":500,""loss_code"":19,""lossName"":""Other"",""lossTime"":""35:58""},{""tool_id"":500,""loss_code"":17,""lossName"":""Tea Break"",""lossTime"":""16:59""},{""tool_id"":500,""loss_code"":18,""lossName"":""Lunch"",""lossTime"":""39:21""}]",10.85,6.67,0,0,,,,13-01-2026 20:00,13-01-2026 20:00,,
81,,13-01-2026 07:00,14-01-2026 06:59,13-01-2026 00:00,07:00 - 06:59,18,409,4,88,500,2ND,0,1,1611,0,1571,1571,267:59:00,,,,35:46:00,72:57:00,12:41,8,13-01-2026 15:30,13-01-2026 19:58,158:03:00,"[{""tool_id"":500,""loss_code"":20,""lossName"":""Unclassified"",""lossTime"":""58:20""},{""tool_id"":500,""loss_code"":37,""lossName"":""Machine Idle"",""lossTime"":""12:41""},{""tool_id"":500,""loss_code"":16,""lossName"":""Die Change"",""lossTime"":""09:03""},{""tool_id"":500,""loss_code"":17,""lossName"":""Tea Break"",""lossTime"":""19:13""},{""tool_id"":500,""loss_code"":19,""lossName"":""Other"",""lossTime"":""20:22""},{""tool_id"":500,""loss_code"":18,""lossName"":""Lunch"",""lossTime"":""38:24""}]",14.45,7.8,0,0,,,,13-01-2026 20:00,13-01-2026 20:00,,
82,,13-01-2026 07:00,14-01-2026 06:59,13-01-2026 00:00,07:00 - 06:59,18,409,4,90,500,2ND,0,1,1643,0,1604,1604,267:59:00,,,,26:20:00,92:45:00,34:40:00,8,13-01-2026 15:30,13-01-2026 19:58,148:04:00,"[{""tool_id"":500,""loss_code"":38,""lossName"":""Shift Start"",""lossTime"":""06:27""},{""tool_id"":500,""loss_code"":37,""lossName"":""Machine Idle"",""lossTime"":""34:40""},{""tool_id"":500,""loss_code"":20,""lossName"":""Unclassified"",""lossTime"":""20:30""},{""tool_id"":500,""loss_code"":17,""lossName"":""Tea Break"",""lossTime"":""17:15""},{""tool_id"":500,""loss_code"":19,""lossName"":""Other"",""lossTime"":""30:14""},{""tool_id"":500,""loss_code"":18,""lossName"":""Lunch"",""lossTime"":""38:58""}]",13.47,7.81,0,0,,,,13-01-2026 20:00,13-01-2026 20:00,,
83,,13-01-2026 07:00,14-01-2026 06:59,13-01-2026 00:00,07:00 - 06:59,18,409,4,61,500,2ND,0,1,1665,0,1231,1231,267:50:00,,,,35:33:00,103:54:00,33:55:00,8,13-01-2026 15:30,13-01-2026 19:57,128:00:00,"[{""tool_id"":500,""loss_code"":38,""lossName"":""Shift Start"",""lossTime"":""09:59""},{""tool_id"":500,""loss_code"":37,""lossName"":""Machine Idle"",""lossTime"":""33:55""},{""tool_id"":500,""loss_code"":3,""lossName"":""No Raw Material"",""lossTime"":""26:51""},{""tool_id"":500,""loss_code"":20,""lossName"":""Unclassified"",""lossTime"":""06:56""},{""tool_id"":500,""loss_code"":17,""lossName"":""Tea Break"",""lossTime"":""12:08""},{""tool_id"":500,""loss_code"":19,""lossName"":""Other"",""lossTime"":""00:39""},{""tool_id"":500,""loss_code"":18,""lossName"":""Lunch"",""lossTime"":""37:32""}]",8.83,5.91,0,0,,,,13-01-2026 20:00,13-01-2026 20:00,,
84,,13-01-2026 07:00,14-01-2026 06:59,13-01-2026 00:00,07:00 - 06:59,18,409,4,83,500,2ND,0,1,1394,0,1694,1694,268:11:00,,,,26:30:00,36:45:00,29:49:00,8,13-01-2026 15:30,13-01-2026 19:58,203:50:00,"[{""tool_id"":500,""loss_code"":20,""lossName"":""Unclassified"",""lossTime"":""28:10""},{""tool_id"":500,""loss_code"":37,""lossName"":""Machine Idle"",""lossTime"":""29:49""},{""tool_id"":500,""loss_code"":17,""lossName"":""Tea Break"",""lossTime"":""16:59""},{""tool_id"":500,""loss_code"":8,""lossName"":""Tooling Work"",""lossTime"":""10:39""},{""tool_id"":500,""loss_code"":19,""lossName"":""Other"",""lossTime"":""36:27""},{""tool_id"":500,""loss_code"":16,""lossName"":""Die Change"",""lossTime"":""38:05""},{""tool_id"":500,""loss_code"":3,""lossName"":""No Raw Material"",""lossTime"":""03:13""},{""tool_id"":500,""loss_code"":6,""lossName"":""Quality Hold"",""lossTime"":""01:33""},{""tool_id"":500,""loss_code"":18,""lossName"":""Lunch"",""lossTime"":""38:55""}]",26.78,9.72,0,0,,,,13-01-2026 20:00,13-01-2026 20:00,,
85,,13-01-2026 07:00,14-01-2026 06:59,13-01-2026 00:00,07:00 - 06:59,18,409,4,81,500,2ND,0,1,1628,0,1319,1319,267:59:00,,,,18:12,87:47:00,58:10:00,8,13-01-2026 15:30,13-01-2026 19:58,160:18:00,"[{""tool_id"":500,""loss_code"":38,""lossName"":""Shift Start"",""lossTime"":""09:32""},{""tool_id"":500,""loss_code"":37,""lossName"":""Machine Idle"",""lossTime"":""58:10""},{""tool_id"":500,""loss_code"":20,""lossName"":""Unclassified"",""lossTime"":""18:50""},{""tool_id"":500,""loss_code"":6,""lossName"":""Quality Hold"",""lossTime"":""02:11""},{""tool_id"":500,""loss_code"":3,""lossName"":""No Raw Material"",""lossTime"":""05:25""},{""tool_id"":500,""loss_code"":17,""lossName"":""Tea Break"",""lossTime"":""15:24""},{""tool_id"":500,""loss_code"":19,""lossName"":""Other"",""lossTime"":""11:15""},{""tool_id"":500,""loss_code"":18,""lossName"":""Lunch"",""lossTime"":""39:31""}]",12.45,6.48,0,0,,,,13-01-2026 20:00,13-01-2026 20:00,,
86,,13-01-2026 07:00,14-01-2026 06:59,13-01-2026 00:00,07:00 - 06:59,18,409,4,72,500,2ND,0,1,1446,0,1328,1328,268:08:00,,,,34:02:00,82:54:00,33:36:00,8,13-01-2026 15:30,13-01-2026 19:58,150:19:00,"[{""tool_id"":500,""loss_code"":38,""lossName"":""Shift Start"",""lossTime"":""11:34""},{""tool_id"":500,""loss_code"":37,""lossName"":""Machine Idle"",""lossTime"":""33:36""},{""tool_id"":500,""loss_code"":20,""lossName"":""Unclassified"",""lossTime"":""19:09""},{""tool_id"":500,""loss_code"":16,""lossName"":""Die Change"",""lossTime"":""23:00""},{""tool_id"":500,""loss_code"":17,""lossName"":""Tea Break"",""lossTime"":""13:57""},{""tool_id"":500,""loss_code"":19,""lossName"":""Other"",""lossTime"":""10:12""},{""tool_id"":500,""loss_code"":18,""lossName"":""Lunch"",""lossTime"":""38:51""}]",11.36,7.35,0,0,,,,13-01-2026 20:00,13-01-2026 20:00,,
87,,13-01-2026 07:00,14-01-2026 06:59,13-01-2026 00:00,07:00 - 06:59,18,409,4,78,500,2ND,0,1,1607,0,2459,2459,268:08:00,,,,42:16:00,105:47:00,18:03,8,13-01-2026 15:30,13-01-2026 19:58,117:57:00,"[{""tool_id"":500,""loss_code"":38,""lossName"":""Shift Start"",""lossTime"":""13:44""},{""tool_id"":500,""loss_code"":37,""lossName"":""Machine Idle"",""lossTime"":""18:03""},{""tool_id"":500,""loss_code"":20,""lossName"":""Unclassified"",""lossTime"":""06:34""},{""tool_id"":500,""loss_code"":7,""lossName"":""No Manpower"",""lossTime"":""04:41""},{""tool_id"":500,""loss_code"":17,""lossName"":""Tea Break"",""lossTime"":""14:52""},{""tool_id"":500,""loss_code"":19,""lossName"":""Other"",""lossTime"":""21:20""},{""tool_id"":500,""loss_code"":18,""lossName"":""Lunch"",""lossTime"":""38:43""}]",16.61,12.24,0,0,,,,13-01-2026 20:00,13-01-2026 20:00,,
88,,13-01-2026 07:00,14-01-2026 06:59,13-01-2026 00:00,07:00 - 06:59,18,409,4,89,500,2ND,0,1,1638,0,3443,3443,267:59:00,,,,64:17:00,45:43:00,19:01,8,13-01-2026 15:30,13-01-2026 19:58,156:20:00,"[{""tool_id"":500,""loss_code"":38,""lossName"":""Shift Start"",""lossTime"":""06:55""},{""tool_id"":500,""loss_code"":20,""lossName"":""Unclassified"",""lossTime"":""12:02""},{""tool_id"":500,""loss_code"":3,""lossName"":""No Raw Material"",""lossTime"":""22:25""},{""tool_id"":500,""loss_code"":37,""lossName"":""Machine Idle"",""lossTime"":""19:01""},{""tool_id"":500,""loss_code"":6,""lossName"":""Quality Hold"",""lossTime"":""06:54""},{""tool_id"":500,""loss_code"":19,""lossName"":""Other"",""lossTime"":""29:59""},{""tool_id"":500,""loss_code"":17,""lossName"":""Tea Break"",""lossTime"":""17:44""},{""tool_id"":500,""loss_code"":11,""lossName"":""On-Line Material"",""lossTime"":""00:07""},{""tool_id"":500,""loss_code"":7,""lossName"":""No Manpower"",""lossTime"":""02:36""},{""tool_id"":500,""loss_code"":18,""lossName"":""Lunch"",""lossTime"":""38:37""}]",31.3,16.82,0,0,,,,13-01-2026 20:00,13-01-2026 20:00,,
89,,13-01-2026 07:00,14-01-2026 06:59,13-01-2026 00:00,07:00 - 06:59,18,409,4,76,500,2ND,0,1,1695,0,3417,3417,268:08:00,,,,85:05:00,65:52:00,14:35,8,13-01-2026 15:30,13-01-2026 19:58,115:50:00,"[{""tool_id"":500,""loss_code"":38,""lossName"":""Shift Start"",""lossTime"":""03:43""},{""tool_id"":500,""loss_code"":20,""lossName"":""Unclassified"",""lossTime"":""16:52""},{""tool_id"":500,""loss_code"":3,""lossName"":""No Raw Material"",""lossTime"":""13:15""},{""tool_id"":500,""loss_code"":37,""lossName"":""Machine Idle"",""lossTime"":""14:35""},{""tool_id"":500,""loss_code"":6,""lossName"":""Quality Hold"",""lossTime"":""01:23""},{""tool_id"":500,""loss_code"":17,""lossName"":""Tea Break"",""lossTime"":""14:43""},{""tool_id"":500,""loss_code"":19,""lossName"":""Other"",""lossTime"":""13:26""},{""tool_id"":500,""loss_code"":18,""lossName"":""Lunch"",""lossTime"":""37:53""}]",22.64,16.13,0,0,,,,13-01-2026 20:00,13-01-2026 20:00,,
90,,13-01-2026 07:00,14-01-2026 06:59,13-01-2026 00:00,07:00 - 06:59,18,409,4,92,500,2ND,0,1,1630,0,1436,1436,267:59:00,,,,36:40:00,76:58:00,40:48:00,8,13-01-2026 15:30,13-01-2026 19:58,153:43:00,"[{""tool_id"":500,""loss_code"":16,""lossName"":""Die Change"",""lossTime"":""10:09""},{""tool_id"":500,""loss_code"":20,""lossName"":""Unclassified"",""lossTime"":""24:38""},{""tool_id"":500,""loss_code"":6,""lossName"":""Quality Hold"",""lossTime"":""04:28""},{""tool_id"":500,""loss_code"":37,""lossName"":""Machine Idle"",""lossTime"":""40:48""},{""tool_id"":500,""loss_code"":19,""lossName"":""Other"",""lossTime"":""11:25""},{""tool_id"":500,""loss_code"":17,""lossName"":""Tea Break"",""lossTime"":""15:13""},{""tool_id"":500,""loss_code"":3,""lossName"":""No Raw Material"",""lossTime"":""08:08""},{""tool_id"":500,""loss_code"":18,""lossName"":""Lunch"",""lossTime"":""38:54""}]",12.64,7.05,0,0,,,,13-01-2026 20:00,13-01-2026 20:00,,
91,,13-01-2026 07:00,14-01-2026 06:59,13-01-2026 00:00,07:00 - 06:59,18,409,4,62,500,2ND,0,1,1640,0,1389,1389,268:00:00,,,,37:17:00,86:02:00,41:26:00,8,13-01-2026 15:30,13-01-2026 19:58,143:35:00,"[{""tool_id"":500,""loss_code"":38,""lossName"":""Shift Start"",""lossTime"":""12:26""},{""tool_id"":500,""loss_code"":3,""lossName"":""No Raw Material"",""lossTime"":""09:06""},{""tool_id"":500,""loss_code"":37,""lossName"":""Machine Idle"",""lossTime"":""41:26""},{""tool_id"":500,""loss_code"":20,""lossName"":""Unclassified"",""lossTime"":""15:25""},{""tool_id"":500,""loss_code"":17,""lossName"":""Tea Break"",""lossTime"":""12:42""},{""tool_id"":500,""loss_code"":8,""lossName"":""Tooling Work"",""lossTime"":""14:35""},{""tool_id"":500,""loss_code"":18,""lossName"":""Lunch"",""lossTime"":""37:55""}]",11.26,6.78,0,0,,,,13-01-2026 20:00,13-01-2026 20:00,,
92,,13-01-2026 07:00,14-01-2026 06:59,13-01-2026 00:00,07:00 - 06:59,18,409,4,73,500,2ND,0,1,1415,0,1418,1418,267:59:00,,,,34:23:00,73:04:00,17:35,8,13-01-2026 15:30,13-01-2026 19:58,159:01:00,"[{""tool_id"":500,""loss_code"":16,""lossName"":""Die Change"",""lossTime"":""38:38""},{""tool_id"":500,""loss_code"":37,""lossName"":""Machine Idle"",""lossTime"":""17:35""},{""tool_id"":500,""loss_code"":20,""lossName"":""Unclassified"",""lossTime"":""38:30""},{""tool_id"":500,""loss_code"":19,""lossName"":""Other"",""lossTime"":""11:48""},{""tool_id"":500,""loss_code"":17,""lossName"":""Tea Break"",""lossTime"":""14:09""},{""tool_id"":500,""loss_code"":18,""lossName"":""Lunch"",""lossTime"":""38:21""}]",13.2,8.02,0,0,,,,13-01-2026 20:00,13-01-2026 20:00,,
93,,13-01-2026 07:00,14-01-2026 06:59,13-01-2026 00:00,07:00 - 06:59,18,409,4,91,500,2ND,0,1,1516,0,2089,2089,267:59:00,,,,15:16,44:55:00,6:09,8,13-01-2026 15:30,13-01-2026 19:58,207:08:00,"[{""tool_id"":500,""loss_code"":19,""lossName"":""Other"",""lossTime"":""118:01""},{""tool_id"":500,""loss_code"":16,""lossName"":""Die Change"",""lossTime"":""22:48""},{""tool_id"":500,""loss_code"":6,""lossName"":""Quality Hold"",""lossTime"":""04:08""},{""tool_id"":500,""loss_code"":37,""lossName"":""Machine Idle"",""lossTime"":""06:09""},{""tool_id"":500,""loss_code"":20,""lossName"":""Unclassified"",""lossTime"":""00:24""},{""tool_id"":500,""loss_code"":17,""lossName"":""Tea Break"",""lossTime"":""16:51""},{""tool_id"":500,""loss_code"":18,""lossName"":""Lunch"",""lossTime"":""38:47""}]",34.71,11.02,0,0,,,,13-01-2026 20:00,13-01-2026 20:00,,
94,,13-01-2026 07:00,14-01-2026 06:59,13-01-2026 00:00,07:00 - 06:59,18,409,4,87,500,2ND,0,1,1545,0,2053,2053,268:11:00,,,,55:36:00,66:44:00,13:05,8,13-01-2026 15:30,13-01-2026 19:58,144:34:00,"[{""tool_id"":500,""loss_code"":20,""lossName"":""Unclassified"",""lossTime"":""13:23""},{""tool_id"":500,""loss_code"":16,""lossName"":""Die Change"",""lossTime"":""22:12""},{""tool_id"":500,""loss_code"":3,""lossName"":""No Raw Material"",""lossTime"":""08:25""},{""tool_id"":500,""loss_code"":6,""lossName"":""Quality Hold"",""lossTime"":""07:35""},{""tool_id"":500,""loss_code"":37,""lossName"":""Machine Idle"",""lossTime"":""13:05""},{""tool_id"":500,""loss_code"":17,""lossName"":""Tea Break"",""lossTime"":""13:59""},{""tool_id"":500,""loss_code"":19,""lossName"":""Other"",""lossTime"":""27:04""},{""tool_id"":500,""loss_code"":18,""lossName"":""Lunch"",""lossTime"":""38:51""}]",16.78,10.63,0,0,,,,13-01-2026 20:00,13-01-2026 20:00,,
95,,13-01-2026 07:00,14-01-2026 06:59,13-01-2026 00:00,07:00 - 06:59,18,409,4,68,500,2ND,0,1,574,0,448,448,268:05:00,,,,7:35,33:11:00,9:26,8,13-01-2026 15:30,13-01-2026 19:58,226:15:00,"[{""tool_id"":500,""loss_code"":38,""lossName"":""Shift Start"",""lossTime"":""102:49""},{""tool_id"":500,""loss_code"":37,""lossName"":""Machine Idle"",""lossTime"":""09:26""},{""tool_id"":500,""loss_code"":20,""lossName"":""Unclassified"",""lossTime"":""01:56""},{""tool_id"":500,""loss_code"":19,""lossName"":""Other"",""lossTime"":""18:30""},{""tool_id"":500,""loss_code"":16,""lossName"":""Die Change"",""lossTime"":""93:34""}]",10.99,6.25,0,0,,,,13-01-2026 20:00,13-01-2026 20:00,,
96,,13-01-2026 07:00,14-01-2026 06:59,13-01-2026 00:00,07:00 - 06:59,18,409,2,2,104,2ND,0208ABM00060N/030N,20,851,528,1319,791,143:05:00,,,,35:03:00,60:05:00,10:07,8,13-01-2026 17:34,13-01-2026 19:57,47:12:00,"[{""tool_id"":104,""loss_code"":16,""lossName"":""Die Change"",""lossTime"":""00:54""},{""tool_id"":104,""loss_code"":37,""lossName"":""Machine Idle"",""lossTime"":""10:08""},{""tool_id"":104,""loss_code"":18,""lossName"":""Lunch"",""lossTime"":""35:52""},{""tool_id"":104,""loss_code"":20,""lossName"":""Unclassified"",""lossTime"":""00:06""},{""tool_id"":104,""loss_code"":19,""lossName"":""Other"",""lossTime"":""00:12""}]",8.31,7.44,0,0,,,,13-01-2026 20:00,13-01-2026 20:00,,
97,,13-01-2026 07:00,14-01-2026 06:59,13-01-2026 00:00,07:00 - 06:59,18,409,2,3,105,2ND,0208ABM00060N/030N,30,861,549,1335,786,142:13:00,,,,36:15:00,56:14:00,5:35,8,13-01-2026 17:35,13-01-2026 19:57,48:48:00,"[{""tool_id"":105,""loss_code"":19,""lossName"":""Other"",""lossTime"":""07:20""},{""tool_id"":105,""loss_code"":37,""lossName"":""Machine Idle"",""lossTime"":""05:31""},{""tool_id"":105,""loss_code"":18,""lossName"":""Lunch"",""lossTime"":""34:39""},{""tool_id"":105,""loss_code"":20,""lossName"":""Unclassified"",""lossTime"":""01:02""},{""tool_id"":105,""loss_code"":11,""lossName"":""On-Line Material"",""lossTime"":""00:16""}]",8.5,7.31,0,0,,,,13-01-2026 20:00,13-01-2026 20:00,,
98,,13-01-2026 07:00,14-01-2026 06:59,13-01-2026 00:00,07:00 - 06:59,18,409,2,4,106,2ND,0208ABM00060N/030N,40,831,564,1204,640,140:51:00,,,,27:17:00,62:17:00,13:31,8,13-01-2026 17:36,13-01-2026 19:57,51:05:00,"[{""tool_id"":106,""loss_code"":16,""lossName"":""Die Change"",""lossTime"":""01:42""},{""tool_id"":106,""loss_code"":37,""lossName"":""Machine Idle"",""lossTime"":""13:33""},{""tool_id"":106,""loss_code"":18,""lossName"":""Lunch"",""lossTime"":""35:13""},{""tool_id"":106,""loss_code"":20,""lossName"":""Unclassified"",""lossTime"":""00:37""}]",7.15,6.16,0,0,,,,13-01-2026 20:00,13-01-2026 20:00,,
99,,13-01-2026 07:00,14-01-2026 06:59,13-01-2026 00:00,07:00 - 06:59,18,409,2,5,107,2ND,0208ABM00060N/030N,50,848,567,1205,638,139:34:00,,,,26:55:00,59:13:00,12:35,8,13-01-2026 17:38,13-01-2026 19:57,52:31:00,"[{""tool_id"":107,""loss_code"":16,""lossName"":""Die Change"",""lossTime"":""00:32""},{""tool_id"":107,""loss_code"":11,""lossName"":""On-Line Material"",""lossTime"":""05:52""},{""tool_id"":107,""loss_code"":37,""lossName"":""Machine Idle"",""lossTime"":""11:52""},{""tool_id"":107,""loss_code"":20,""lossName"":""Unclassified"",""lossTime"":""01:14""},{""tool_id"":107,""loss_code"":18,""lossName"":""Lunch"",""lossTime"":""33:01""}]",7.41,6.02,0,0,,,,13-01-2026 20:00,13-01-2026 20:00,,
188,,14-01-2026 07:00,15-01-2026 06:59,14-01-2026 00:00,07:00 - 06:59,18,409,2,2,85,2ND,0203BBM00030N,20,1117,0,1021,1021,147:49:00,,,,44:14:00,73:05:00,11:10,8.5,14-01-2026 15:30,14-01-2026 17:57,27:57:00,"[{""tool_id"":85,""loss_code"":38,""lossName"":""Shift Start"",""lossTime"":""05:08""},{""tool_id"":85,""loss_code"":37,""lossName"":""Machine Idle"",""lossTime"":""11:05""},{""tool_id"":85,""loss_code"":17,""lossName"":""Tea Break"",""lossTime"":""11:14""},{""tool_id"":85,""loss_code"":20,""lossName"":""Unclassified"",""lossTime"":""00:30""}]",8.7,7.77,0,0,,,,14-01-2026 23:59,14-01-2026 23:59,,
